Term,Geological,Palaeolithic,Mesolithic,Neolithic,Bronze_Age,Iron_Age,Early_Medieval,Later_Medieval,Pre_Industrial,Post_Industrial,Modern
DATES,na,"Pre 12,000 BC","12,000 BC - 4300 BC",4300 BC - 2500 BC,2500 BC - 800 AD,800 BD - AD 500,400 AD 1000 AD,1000 AD -1500 AD,1500 AD - 1750 AD,1750 AD - 1900 AD,1900 AD - Present
ABATTOIR,0,0,0,0,0,0,0,0,0,0,1
ABBEY,0,0,0,0,0,0,0,1,1,0,0
ABLUTIONS BLOCK,0,0,0,0,0,0,0,0,0,0,1
ACID WORKS,0,0,0,0,0,0,0,0,0,0,1
ADIT,0,0,0,1,1,1,0,0,0,0,0
ADZE,0,0,0,1,0,0,0,0,0,0,0
ADZE HAMMER,0,0,0,0,0,0,0,0,0,0,0
AERATED WATER FACTORY,0,0,0,0,0,0,0,0,0,0,1
AERIAL CABLEWAY,0,0,0,0,0,0,0,0,0,0,1
AGRICULTURAL BOUNDARY,0,0,0,0,0,0,0,0,0,0,0
AGRICULTURAL BUILDING,0,0,0,0,0,0,0,0,0,0,0
AGRICULTURAL CROPMARK,0,0,0,0,0,0,0,0,0,0,0
AGRICULTURAL DWELLING,0,0,0,0,0,0,0,0,0,0,0
AGRICULTURAL ENGINEERING WORKS,0,0,0,0,0,0,0,0,0,0,1
AGRICULTURAL LANDSCAPE,0,0,0,0,0,0,0,0,0,0,0
AGRICULTURE AND SUBSISTENCE,0,0,0,0,0,0,0,0,0,0,1
AIR RAID SHELTER,0,0,0,0,0,0,0,0,0,0,1
AIR SEA RESCUE STATION,0,0,0,0,0,0,0,0,0,0,1
AIR SHAFT,0,0,0,0,0,0,0,0,0,1,1
AIR TERMINAL,0,0,0,0,0,0,0,0,0,0,1
AIR TRANSPORT SITE,0,0,0,0,0,0,0,0,0,0,1
AIRCRAFT,0,0,0,0,0,0,0,0,0,0,1
AIRCRAFT ENGINEERING SITE,0,0,0,0,0,0,0,0,0,0,1
AIRCRAFT FACTORY,0,0,0,0,0,0,0,0,0,0,1
AIRCRAFT HANGAR,0,0,0,0,0,0,0,0,0,0,1
AIRFIELD,0,0,0,0,0,0,0,0,0,0,1
AIRPORT,0,0,0,0,0,0,0,0,0,0,1
AIRSHIP HANGAR,0,0,0,0,0,0,0,0,0,0,1
AIRSHIP STATION,0,0,0,0,0,0,0,0,0,0,1
AISLED BUILDING,0,0,0,0,0,1,0,0,0,0,0
AISLED ROUNDHOUSE,0,0,0,0,0,1,0,0,0,0,0
ALLEY,0,0,0,0,0,0,0,1,1,1,1
ALLOTMENT,0,0,0,0,0,0,0,0,0,0,1
ALMONRY,0,0,0,0,0,0,0,1,1,1,1
ALMSHOUSE,0,0,0,0,0,0,1,1,0,0,0
ROMAN ALTAR,0,0,0,0,0,1,0,0,0,0,0
ALUMINIUM FOUNDRY,0,0,0,0,0,0,0,0,0,0,1
ALUMINIUM ROLLING MILL,0,0,0,0,0,0,0,0,0,0,1
ALUMINIUM SMELTER,0,0,0,0,0,0,0,0,0,0,1
ALUMINIUM WORKS,0,0,0,0,0,0,0,0,0,0,1
AMBULANCE STATION,0,0,0,0,0,0,0,0,0,0,1
AMMUNITION STORAGE HUT,0,0,0,0,0,0,0,0,0,0,1
AMPHITHEATRE,0,0,0,0,0,1,0,0,0,0,0
AMPHORA,0,0,0,0,0,1,0,0,0,0,0
AMULET,0,0,0,0,0,0,0,0,0,0,0
AMUSEMENT ARCADE,0,0,0,0,0,0,0,0,0,0,1
AMUSEMENT PARK,0,0,0,0,0,0,0,0,0,0,1
ANCHOR,0,0,0,0,0,0,0,0,0,0,0
ANIMAL BURIAL,0,0,0,0,0,0,0,0,0,0,0
ANIMAL CEMETERY,0,0,0,0,0,0,0,0,0,0,0
ANIMAL HOUSE,0,0,0,0,0,0,0,0,0,0,0
ANIMAL REMAI,0,0,0,0,0,0,0,0,0,0,0
ANIMAL REMAINS,0,0,0,0,0,0,0,0,0,0,0
ANIMAL SHED,0,0,0,0,0,0,0,0,0,0,1
ANIMAL TRAP,0,0,0,0,0,0,0,0,0,0,0
ANKLET,0,0,0,0,0,0,0,0,0,0,0
ANNEXE ENCLOSURE,0,0,0,0,1,1,1,0,0,0,0
ANTI AIRCRAFT BATTERY,0,0,0,0,0,0,0,0,0,0,1
ANTI AIRCRAFT DEFENCES,0,0,0,0,0,0,0,0,0,0,1
ANTI GLIDER DITCHES,0,0,0,0,0,0,0,0,0,0,1
ANTI GLIDER POSTS,0,0,0,0,0,0,0,0,0,0,1
ANTI INVASION DEFENCE SITE,0,0,0,0,0,0,0,0,0,0,1
ANTI SHIPPING BARRIER,0,0,0,0,0,0,0,0,0,0,1
ANTI TANK BLOCKS,0,0,0,0,0,0,0,0,0,0,1
ANTI TANK DITCH,0,0,0,0,0,0,0,0,0,0,1
ANTI TANK WALL,0,0,0,0,0,0,0,0,0,0,1
ANTIMONY MINE,0,0,0,0,0,0,0,0,0,1,1
ANVIL,0,0,0,0,0,0,0,0,0,0,0
APIARY,0,0,0,0,0,0,0,0,0,0,0
APOTROPAIC MARK,0,0,0,0,0,0,0,1,0,0,0
AQUARIUM,0,0,0,0,0,0,0,0,0,0,1
AQUEDUCT,0,0,0,0,0,1,0,0,0,0,0
ARBORGLYPH,0,0,0,0,0,0,0,0,0,0,1
ARCH,0,0,0,0,0,0,0,0,0,0,0
ARCHAEOLOGICAL FEATURE,0,0,0,0,0,0,0,0,0,0,0
ARCHAEOLOGICAL LANDSCAPE,0,0,0,0,0,0,0,0,0,0,0
ARCHERY BUTTS,0,0,0,0,0,0,0,0,0,0,0
ARCHITECTS PRACTICE,0,0,0,0,0,0,0,0,0,0,0
ARCHITECTURAL ELEMENT,0,0,0,0,0,0,0,0,0,0,0
ARCHITECTURAL FRAGMENT,0,0,0,0,0,0,0,0,0,0,0
ARCHWAY,0,0,0,0,0,0,0,0,0,0,0
ARD,0,0,0,1,1,1,1,0,0,0,0
ARM GUARD,0,0,0,1,0,0,0,0,0,0,0
ARM PURSE,0,0,0,0,0,0,0,0,0,0,0
ARMAMENT DEPOT,0,0,0,0,0,0,0,0,0,0,1
ARMLET,0,0,0,0,0,0,0,0,0,0,0
ARMORIAL PANEL,0,0,0,0,0,0,0,1,1,0,0
ARMOUR,0,0,0,0,0,0,0,0,0,0,0
ARMOURY,0,0,0,0,0,0,0,0,0,0,0
ARMY OFFICE,0,0,0,0,0,0,0,0,0,0,1
ARROWHEAD,0,0,0,1,0,0,0,0,0,0,0
ART AND EDUCATION VENUE,0,0,0,0,0,0,0,0,0,0,1
ART GALLERY,0,0,0,0,0,0,0,0,0,0,1
ARTEFACT SCATTER,0,0,1,1,0,0,0,0,0,0,0
ARTIFICIAL ISLAND,0,0,0,1,1,1,0,0,0,0,1
ARTILLERY FORTIFICATION,0,0,0,0,0,0,0,1,1,1,1
ASSEMBLAGE,0,0,0,0,0,0,0,0,0,0,0
ASSEMBLY ROOMS,0,0,0,0,0,0,0,0,0,1,1
AUCTION HOUSE,0,0,0,0,0,0,0,0,0,0,1
AUDITORIUM,0,0,0,0,0,0,0,0,0,0,1
AVALANCHE SHELTER,0,0,0,0,0,0,0,0,0,0,1
AVENUE,0,0,0,0,0,0,0,1,1,1,1
AVIARY,0,0,0,0,0,0,0,0,0,1,1
AWL,0,0,0,1,0,0,0,0,0,0,0
AXE,0,0,0,0,0,0,0,0,0,0,0
AXE HAMMER,0,0,0,1,1,1,0,0,0,0,0
AXE MOULD,0,0,0,0,1,0,0,0,0,0,0
AXEHEAD,0,0,0,1,1,1,0,0,0,0,0
AXLE,0,0,0,0,0,0,0,0,0,0,0
BACKLANDS,0,0,0,0,0,0,0,1,1,0,1
BADGE,0,0,0,0,0,0,0,0,0,0,0
BADMINTON COURT,0,0,0,0,0,0,0,0,0,0,1
BAILEY,0,0,0,0,0,0,0,1,0,0,0
BAIT HOLE,0,0,0,1,1,0,0,0,0,0,0
BAKEHOUSE,0,0,0,0,0,0,0,0,0,0,1
BAKERY,0,0,0,0,0,0,0,0,0,0,1
BALANCE,0,0,0,0,0,0,0,0,0,0,0
BALCONY ACCESS BLOCK,0,0,0,0,0,0,0,0,0,0,0
BALL,0,0,0,0,0,0,0,0,0,0,0
BALLAST MOUND,0,0,0,0,0,0,0,0,0,0,0
BALLROOM,0,0,0,0,0,0,0,0,0,0,1
BALUSTER,0,0,0,0,0,0,0,0,0,0,0
BALUSTRADE,0,0,0,0,0,0,0,0,0,0,0
BANDSTAND,0,0,0,0,0,0,0,0,0,1,1
BANK,0,0,0,0,0,0,0,0,0,0,0
BANK BARROW,0,0,0,1,0,0,0,0,0,0,0
BANQUETING HALL,0,0,0,0,0,0,0,0,1,1,1
BAPTISTERY,0,0,0,0,0,0,1,1,1,0,0
BARBED AND TANGED,0,0,0,1,0,0,0,0,0,0,0
BARBED AND TANGED ARROWHEAD,0,0,0,1,0,0,0,0,0,0,0
BARBED POINT,0,0,0,1,0,0,0,0,0,0,0
BARBERS SHOP,0,0,0,0,0,0,0,0,0,0,1
BARGE,0,0,0,0,0,0,0,0,0,1,1
BARK MILL,0,0,0,0,0,0,0,0,0,0,0
BARKING HOUSE,0,0,0,0,0,0,0,0,0,1,0
BARKING POT,0,0,0,0,0,0,0,0,0,0,0
BARMKIN,0,0,0,0,0,0,0,1,0,0,0
BARN,0,0,0,0,0,0,0,0,0,0,0
BARQUE,0,0,0,0,0,0,0,0,0,0,0
BARRACKS,0,0,0,0,0,0,0,0,0,1,1
BARRAGE,0,0,0,0,0,0,0,0,0,1,1
BARRAGE BALLOON CENTRE,0,0,0,0,0,0,0,0,0,0,1
BARRAGE BALLOON SITE,0,0,0,0,0,0,0,0,0,0,1
BARROW,0,0,0,1,0,0,0,0,0,0,0
BARROW CEMETERY,0,0,0,1,0,0,0,0,0,0,0
BARYTES MINE,0,0,0,0,0,0,0,0,0,1,1
BASALT QUARRY,0,0,0,0,0,0,0,0,0,1,1
BASCULE BRIDGE,0,0,0,0,0,0,0,0,0,1,1
BASIN,0,0,0,0,0,0,0,0,0,0,0
BASKET,0,0,0,0,0,0,0,0,0,0,0
BASTION,0,0,0,0,0,0,0,1,1,1,0
BASTLE,0,0,0,0,0,0,0,1,0,0,0
BATH HOUSE,0,0,0,0,0,1,0,0,0,0,0
BATHS,0,0,0,0,0,1,0,0,0,0,0
BATTERY,0,0,0,0,0,0,0,0,0,0,1
BATTLE SITE,0,0,0,0,0,0,0,0,0,0,0
BATTLEAXE,0,0,0,0,0,0,1,0,0,0,0
BATTLEFIELD,0,0,0,0,0,0,0,0,0,0,0
BATTLEFIELD HEADQUARTERS,0,0,0,0,0,0,0,0,0,0,1
BEACON,0,0,0,0,0,0,0,0,0,0,1
BEACON STANCE,0,0,0,0,0,0,0,0,0,0,1
BEAD,0,0,0,0,0,0,0,0,0,0,0
BEAKER,0,0,0,0,1,0,0,0,0,0,0
BEAM ENGINE,0,0,0,0,0,0,0,0,0,1,0
BEAM ENGINE HOUSE,0,0,0,0,0,0,0,0,0,1,0
BEAUTY SALON,0,0,0,0,0,0,0,0,0,0,1
BED AND BREAKFAST ESTABLISHMENT,0,0,0,0,0,0,0,0,0,0,1
BEE BOLE,0,0,0,0,0,0,0,0,0,0,0
BEEHIVE,0,0,0,0,0,0,0,0,0,0,0
BELL,0,0,0,0,0,0,0,0,0,0,0
BELL PIT,0,0,0,0,0,0,0,0,0,1,0
BELL TOWER,0,0,0,0,0,0,0,1,1,1,1
BELLCOTE,0,0,0,0,0,0,0,0,0,0,0
BELT,0,0,0,0,0,0,0,0,0,0,0
BELVEDERE,0,0,0,0,0,0,0,0,0,0,0
BENCH MARK,0,0,0,0,0,0,0,0,0,1,1
BERRY PICKERS CAMP,0,0,0,0,0,0,0,0,0,0,1
BETTING OFFICE,0,0,0,0,0,0,0,0,0,0,1
BILLBOARD,0,0,0,0,0,0,0,0,0,0,1
BILLIARD HALL,0,0,0,0,0,0,0,0,0,0,1
BINDING WORKS,0,0,0,0,0,0,0,0,0,1,1
BING,0,0,0,0,0,0,0,0,0,1,1
BINGO HALL,0,0,0,0,0,0,0,0,0,0,1
BISCUIT FACTORY,0,0,0,0,0,0,0,0,0,0,1
BISHOPS PALACE,0,0,0,0,0,0,0,1,0,0,0
BLACKHOUSE,0,0,0,0,0,0,0,0,1,0,0
BLADE,0,0,0,0,0,0,0,0,0,0,0
BLAST FURNACE,0,0,0,0,0,0,0,0,0,0,1
BLEACH WORKS,0,0,0,0,0,0,0,0,0,1,1
BLEACHFIELD,0,0,0,0,0,0,0,0,0,0,0
BLOCKHOUSE,0,0,0,0,0,1,0,0,0,0,0
BLOODSTONE SCATTER,0,0,0,0,0,0,0,0,0,0,0
BLOOMERY,0,0,0,0,0,0,0,0,0,1,1
BLOOMERY MOUND,0,0,0,0,0,0,0,0,0,1,1
BLOOMERY SCATTER,0,0,0,0,0,0,0,0,0,1,1
BOAT,0,0,0,0,0,0,0,0,0,0,0
BOAT LIFT,0,0,0,0,0,0,0,0,0,0,1
BOAT STEM,0,0,0,0,0,0,0,0,0,0,0
BOAT TRAILER,0,0,0,0,0,0,0,0,0,0,1
BOAT YARD,0,0,0,0,0,0,0,0,0,1,1
BOATHOUSE,0,0,0,0,0,0,0,0,0,1,1
BOATING LAKE,0,0,0,0,0,0,0,0,0,1,1
BOBBIN FACTORY,0,0,0,0,0,0,0,0,0,1,1
BODKIN,0,0,0,0,0,0,0,0,0,0,0
BOG BURIAL,0,0,0,0,1,1,0,0,0,0,0
BOG BUTTER,0,0,0,0,1,1,1,0,0,0,0
BOILER,0,0,0,0,0,0,0,0,0,1,1
BOILER HOUSE,0,0,0,0,0,0,0,0,0,1,1
BOILER WORKS,0,0,0,0,0,0,0,0,0,1,1
BOILHOUSE,0,0,0,0,0,0,0,0,0,1,1
BOLLARD,0,0,0,0,0,0,0,0,0,0,1
BOMB CRATER,0,0,0,0,0,0,0,0,0,0,1
BOMB STORE,0,0,0,0,0,0,0,0,0,0,1
BOMBING RANGE,0,0,0,0,0,0,0,0,0,0,1
BOMBING RANGE MARKER,0,0,0,0,0,0,0,0,0,0,1
BOMBING TARGET,0,0,0,0,0,0,0,0,0,0,1
BONDED WAREHOUSE,0,0,0,0,0,0,0,0,0,1,1
BONE MILL,0,0,0,0,0,0,0,0,0,1,1
BOOK FITTING,0,0,0,0,0,0,0,0,0,0,0
BOOKING OFFICE,0,0,0,0,0,0,0,0,0,0,1
BOOM DEFENCE,0,0,0,0,0,0,0,0,0,0,1
BOOM DEFENCE DEPOT,0,0,0,0,0,0,0,0,0,0,1
BOOTH,0,0,0,0,0,0,0,0,0,1,1
BORER,0,0,0,1,0,0,0,0,0,0,0
BORSTAL,0,0,0,0,0,0,0,0,0,0,1
BOTANIC GARDEN,0,0,0,0,0,0,0,0,0,1,1
BOTHY,0,0,0,0,0,0,0,0,0,0,1
BOTTLE,0,0,0,0,0,0,0,0,0,0,0
BOTTLE WORKS,0,0,0,0,0,0,0,0,0,1,1
BOTTLING PLANT,0,0,0,0,0,0,0,0,0,1,1
BOTTLING STORE,0,0,0,0,0,0,0,0,0,1,1
BOUNDARY,0,0,0,0,0,0,0,0,0,0,0
BOUNDARY BANK,0,0,0,0,0,0,0,0,0,0,0
BOUNDARY CAIRN,0,0,0,0,0,0,0,1,1,1,0
BOUNDARY CROSS,0,0,0,0,0,0,0,1,1,1,0
BOUNDARY DITCH,0,0,0,0,0,0,0,1,1,1,0
BOUNDARY DYKE,0,0,0,0,0,0,0,1,1,1,0
BOUNDARY EARTHWORK,0,0,0,0,0,0,0,1,1,1,0
BOUNDARY MARKER,0,0,0,0,0,0,0,1,1,1,0
BOUNDARY MOUND,0,0,0,0,0,0,0,1,1,1,0
BOUNDARY STONE,0,0,0,0,0,0,0,1,1,1,0
BOUNDARY WALL,0,0,0,0,0,0,0,1,1,1,0
BOW,0,0,0,0,0,0,0,0,0,0,0
BOWL,0,0,0,0,0,0,0,0,0,0,0
BOWLING ALLEY,0,0,0,0,0,0,0,0,0,0,1
BOWLING GREEN,0,0,0,0,0,0,0,0,0,0,1
BOX,0,0,0,0,0,0,0,0,0,0,0
BOX FACTORY,0,0,0,0,0,0,0,0,0,0,1
BRACELET,0,0,0,0,0,0,0,0,0,0,0
BRANKS,0,0,0,0,0,0,0,0,0,0,0
BRASS FOUNDRY,0,0,0,0,0,0,0,0,0,1,1
BREAKWATER,0,0,0,0,0,0,0,0,0,0,1
BREASTPLATE,0,0,0,0,0,0,0,1,1,0,0
BRETHREN MEETING HOUSE,0,0,0,0,0,0,0,0,0,0,1
BREWERS HOUSE,0,0,0,0,0,0,0,0,0,1,1
BREWERY,0,0,0,0,0,0,0,0,0,1,1
BRICK AND TILE WORKS,0,0,0,0,0,0,0,0,0,1,1
BRICK AND TILEMAKING SITE,0,0,0,0,0,0,0,0,0,1,1
BRICK KILN,0,0,0,0,0,0,0,0,0,1,1
BRICKFIELD,0,0,0,0,0,0,0,0,0,1,1
BRICKWORKS,0,0,0,0,0,0,0,0,0,1,1
BRIDGE,0,0,0,0,0,1,1,1,1,1,1
BRIDGE ABUTMENT,0,0,0,0,0,0,0,0,0,0,0
BRIDGE CHAPEL,0,0,0,0,0,0,0,0,0,0,0
BRIDGE KEEPERS COTTAGE,0,0,0,0,0,0,0,0,0,1,1
BRIDLE BIT,0,0,0,0,0,1,1,1,1,1,1
BRIDLE FITTING,0,0,0,0,0,1,1,1,1,1,1
BRITISH LEGION HALL,0,0,0,0,0,0,0,0,0,0,1
BROADCASTING STUDIO,0,0,0,0,0,0,0,0,0,0,1
BROADCASTING TRANSMITTER,0,0,0,0,0,0,0,0,0,0,1
BROCH,0,0,0,0,0,1,0,0,0,0,0
BROOCH,0,0,0,0,0,0,0,0,0,0,0
BROOCH PIN,0,0,0,0,0,0,0,0,0,0,0
BUCKLE,0,0,0,0,0,0,0,0,0,0,0
BUILDERS STORE,0,0,0,0,0,0,0,0,0,0,1
BUILDING,0,0,0,0,0,0,0,0,0,0,0
BUILDING COMPONENT,0,0,0,0,0,0,0,0,0,0,0
BUILDING PLATFORM,0,0,0,1,1,1,1,0,0,0,0
BULL HOUSE,0,0,0,0,0,0,0,0,0,0,0
BULLA,0,0,0,0,0,0,0,0,0,0,0
BULLET,0,0,0,0,0,0,0,0,0,0,1
BULLET MOULD,0,0,0,0,0,0,0,0,0,0,1
BUNGALOW,0,0,0,0,0,0,0,0,0,0,1
BUNKER,0,0,0,0,0,0,0,0,0,0,1
BUOY,0,0,0,0,0,0,0,0,0,0,1
BURGH,0,0,0,0,0,0,0,1,0,0,0
BURGH CHAMBERS,0,0,0,0,0,0,0,1,1,1,1
BURIAL,0,0,0,0,0,0,0,0,0,0,0
BURIAL AISLE,0,0,0,0,0,0,0,0,0,0,0
BURIAL CAIRN,0,0,0,1,1,0,0,0,0,0,0
BURIAL ENCLOSURE,0,0,0,1,0,0,0,0,0,0,0
BURIAL GROUND,0,0,0,0,0,0,0,0,0,0,0
BURIAL VAULT,0,0,0,0,0,0,0,1,1,1,1
BURIED LAND SURFACE,0,0,0,0,0,0,0,0,0,0,0
BURN COVER,0,0,0,0,0,0,0,0,0,0,0
BURNT MOUND,0,0,0,1,1,1,1,0,0,0,0
BUS DEPOT,0,0,0,0,0,0,0,0,0,0,1
BUS SHELTER,0,0,0,0,0,0,0,0,0,0,1
BUS STATION,0,0,0,0,0,0,0,0,0,0,1
BUTCHERS SHOP,0,0,0,0,0,0,0,0,0,0,0
BUTTON,0,0,0,0,0,0,0,0,0,0,0
BUTTS,0,0,0,0,0,0,0,0,0,0,1
BYRE,0,0,0,0,0,0,1,1,1,1,1
BYRE DWELLING,0,0,0,0,0,0,1,1,1,0,0
CABINET WORKS,0,0,0,0,0,0,0,0,0,1,1
CABLE WORKS,0,0,0,0,0,0,0,0,0,1,1
CAFE,0,0,0,0,0,0,0,0,0,0,1
CAIRN,0,0,0,0,0,0,0,0,0,0,0
CAIRN CEMETERY,0,0,0,1,1,0,0,0,0,0,0
CAIRN CIRCLE,0,0,0,0,0,0,0,0,0,0,0
CAIRNFIELD,0,0,0,1,1,1,0,0,0,0,0
CALENDER WORKS,0,0,0,0,0,0,0,0,0,0,1
CALICO MILL,0,0,0,0,0,0,0,0,0,0,1
CALTROP,0,0,0,0,0,0,0,0,0,0,0
CAME,0,0,0,0,0,0,0,0,0,0,0
CAMERA OBSCURA,0,0,0,0,0,0,0,0,0,1,1
CANAL,0,0,0,0,0,0,0,0,0,1,1
CANAL BASIN,0,0,0,0,0,0,0,0,0,1,1
CANAL BOAT YARD,0,0,0,0,0,0,0,0,0,1,1
CANAL BRIDGE,0,0,0,0,0,0,0,0,0,1,1
CANAL DOCK,0,0,0,0,0,0,0,0,0,1,1
CANAL DOCKYARD,0,0,0,0,0,0,0,0,0,1,1
CANAL FEEDER,0,0,0,0,0,0,0,0,0,1,1
CANAL LIFT,0,0,0,0,0,0,0,0,0,1,1
CANAL WAREHOUSE,0,0,0,0,0,0,0,0,0,1,1
CANAL WHARF,0,0,0,0,0,0,0,0,0,1,1
CANAL WORKERS COTTAGE,0,0,0,0,0,0,0,0,0,1,1
CANDLE FACTORY,0,0,0,0,0,0,0,0,0,1,1
CANDLESTICK,0,0,0,0,0,0,0,0,0,0,0
CANNON,0,0,0,0,0,0,0,1,1,1,0
CANNON BALL,0,0,0,0,0,0,0,1,1,1,0
CANOE,0,0,0,0,0,0,0,0,0,0,0
CANTEEN,0,0,0,0,0,0,0,0,0,0,1
CANVAS WORKS,0,0,0,0,0,0,0,0,0,1,1
CAPSTAN,0,0,0,0,0,0,0,0,0,0,0
CAR FACTORY,0,0,0,0,0,0,0,0,0,0,1
CAR PARK,0,0,0,0,0,0,0,0,0,0,1
CARAVAN PARK,0,0,0,0,0,0,0,0,0,0,1
CARDING MILL,0,0,0,0,0,0,0,0,0,1,1
CARE CENTRE,0,0,0,0,0,0,0,0,0,0,1
CARETAKERS HOUSE,0,0,0,0,0,0,0,0,0,0,1
CARNYX,0,0,0,0,0,1,0,0,0,0,0
CARPENTERS WORKSHOP,0,0,0,0,0,0,0,0,0,1,1
CARPET FACTORY,0,0,0,0,0,0,0,0,0,0,1
CARRIAGE HOUSE,0,0,0,0,0,0,0,0,0,1,1
CART,0,0,0,0,0,0,0,0,0,0,0
CART SHED,0,0,0,0,0,0,0,0,0,1,1
CARVED OBJECT,0,0,0,0,0,0,0,0,0,0,0
CARVED STONE,0,0,0,0,0,0,0,0,0,0,0
CARVED STONE BALL,0,0,0,1,0,0,0,0,0,0,0
CARVED STONE HEAD,0,0,0,0,0,1,0,0,0,0,0
CARVING,0,0,0,0,0,0,0,0,0,0,0
CASCADE,0,0,0,0,0,0,0,0,0,0,0
CASHEL,0,0,0,0,0,0,0,0,0,0,0
CASINO,0,0,0,0,0,0,0,0,0,1,1
CASKET,0,0,0,0,0,0,0,0,0,0,0
CAST,0,0,0,0,0,0,0,0,0,0,0
CASTLE,0,0,0,0,0,0,0,1,1,1,0
CATHEDRAL,0,0,0,0,0,0,0,1,1,1,1
CATTLE GRID,0,0,0,0,0,0,0,0,0,0,1
CATTLEFOLD,0,0,0,0,0,0,0,0,0,1,1
CAULDRON,0,0,0,0,0,0,0,0,0,0,0
CAUSEWAY,0,0,0,0,0,0,0,0,0,0,0
CAUSEWAYED ENCLOSURE,0,0,0,1,0,0,0,0,0,0,0
CAVE,0,0,0,0,0,0,0,0,0,0,0
CELL,0,0,0,0,0,0,0,0,0,0,0
CELLAR,0,0,0,0,0,0,0,0,0,0,0
CELLULAR BUILDING,0,0,0,0,0,0,1,0,0,0,0
CELTIC HEAD,0,0,0,0,0,1,0,0,0,0,0
CEMENT MANUFACTURING SITE,0,0,0,0,0,0,0,0,0,0,1
CEMENT WORKS,0,0,0,0,0,0,0,0,0,0,1
CEMETERY,0,0,0,0,0,0,0,0,0,0,1
CENOTAPH,0,0,0,0,0,0,0,0,0,0,0
CENSER,0,0,0,0,0,0,0,0,0,0,0
CESS PIT,0,0,0,0,0,0,0,0,0,0,0
CHAIN,0,0,0,0,0,0,0,0,0,0,0
CHALET,0,0,0,0,0,0,0,0,0,0,1
CHAMBER OF COMMERCE,0,0,0,0,0,0,0,0,0,1,1
CHAMBERED BARROW,0,0,0,1,0,0,0,0,0,0,0
CHAMBERED CAIRN,0,0,0,1,0,0,0,0,0,0,0
CHAMBERED LONG CAIRN,0,0,0,1,0,0,0,0,0,0,0
CHAMBERED TOMB,0,0,0,1,0,0,0,0,0,0,0
CHAMFRON,0,0,0,0,0,0,0,0,0,0,0
CHAPEL,0,0,0,0,0,0,1,1,1,1,0
CHAPLAINCY,0,0,0,0,0,0,0,0,0,1,1
CHAPTER HOUSE,0,0,0,0,0,0,0,1,1,1,0
CHARCOAL BURNING PLATFORM,0,0,0,0,0,0,0,0,0,1,0
CHARCOAL PRODUCTION SITE,0,0,0,0,0,0,0,0,0,1,0
CHARM,0,0,0,0,0,0,0,1,1,1,0
CHARNEL HOUSE,0,0,0,0,0,0,0,1,1,1,0
CHAUFFEURS HOUSE,0,0,0,0,0,0,0,0,0,0,1
CHEESE MARKET,0,0,0,0,0,0,0,0,0,0,1
CHEESE PRESS,0,0,0,0,0,0,0,0,0,0,0
CHEMICAL WORKS,0,0,0,0,0,0,0,0,0,1,1
CHERT SCATTER,0,0,1,1,0,0,0,0,0,0,0
CHESS PIECE,0,0,0,0,0,0,0,0,0,0,0
CHEVAUX DE FRISE,0,0,0,0,0,1,0,0,0,0,0
CHILDRENS HOME,0,0,0,0,0,0,0,0,0,1,1
CHILDRENS HOSPITAL,0,0,0,0,0,0,0,0,0,0,0
CHIMNEY,0,0,0,0,0,0,0,0,0,1,1
CHIMNEY STACK,0,0,0,0,0,0,0,0,0,1,1
CHIMNEY STALK,0,0,0,0,0,0,0,0,0,1,1
CHISEL,0,0,0,0,0,0,0,0,0,0,0
CHOCOLATE FACTORY,0,0,0,0,0,0,0,0,0,0,1
CHROMITE QUARRY,0,0,0,0,0,0,0,0,0,1,1
CHURCH,0,0,0,0,0,0,1,1,1,1,1
CHURCH HALL,0,0,0,0,0,0,0,0,0,1,1
CHURCHYARD,0,0,0,0,0,0,0,1,1,1,1
CHUTE,0,0,0,0,0,0,0,0,0,0,0
CINE,0,0,0,0,0,0,0,0,0,0,0
CINEMA,0,0,0,0,0,0,0,0,0,0,1
CINERARY URN,0,0,0,1,1,0,0,0,0,0,0
CINERARY VESSEL,0,0,0,1,1,0,0,0,0,0,0
CIRCULAR ENCLOSURE,0,0,0,0,0,0,0,0,0,0,0
CIST,0,0,0,0,1,1,1,0,0,0,0
CISTERN,0,0,0,0,0,0,0,0,0,1,1
CISTERN HOUSE,0,0,0,0,0,0,0,0,0,1,1
CLAMP KILN,0,0,0,0,0,0,0,0,0,1,1
CLAPPER BRIDGE,0,0,0,0,0,0,0,0,0,1,1
CLASP,0,0,0,0,0,0,0,0,0,0,0
CLASSROOM,0,0,0,0,0,0,0,0,0,1,1
CLAY EXTRACTION SITE,0,0,0,0,0,0,0,0,0,1,1
CLAY MINE,0,0,0,0,0,0,0,0,0,1,1
CLAY PIT,0,0,0,0,0,0,0,0,0,1,1
CLAY TOBACCO PIPE FACTORY,0,0,0,0,0,0,0,0,0,1,1
CLAY WORKINGS,0,0,0,0,0,0,0,0,0,1,1
CLEARANCE CAIRN,0,0,0,1,1,1,0,0,0,0,0
CLEARED SLIPWAY,0,0,0,0,0,0,0,1,1,1,0
CLEAVER,0,0,0,0,0,0,0,0,0,0,0
CLEIT,0,0,0,0,0,0,0,0,1,1,0
CLERICAL DWELLING,0,0,0,0,0,0,0,0,0,0,1
CLINIC,0,0,0,0,0,0,0,0,0,0,1
CLIPPER,0,0,0,0,0,0,0,0,0,1,0
CLOCK,0,0,0,0,0,0,0,0,0,1,1
CLOCK TOWER,0,0,0,0,0,0,0,0,0,1,1
CLOISTER,0,0,0,0,0,0,0,1,1,0,0
CLOTHING,0,0,0,0,0,0,0,0,0,0,0
CLOTHING ACCESSORY,0,0,0,0,0,0,0,0,0,0,0
CLOTHING FACTORY,0,0,0,0,0,0,0,0,0,0,0
CLOTHING FASTENING,0,0,0,0,0,0,0,0,0,0,0
CLOTHING WORKSHOP,0,0,0,0,0,0,0,0,0,0,0
CLUB,0,0,0,0,0,0,0,0,0,0,1
CLUBHOUSE,0,0,0,0,0,0,0,0,0,0,1
COACH HOUSE,0,0,0,0,0,0,0,0,0,1,0
COACH WORKS,0,0,0,0,0,0,0,0,0,1,1
COACHING INN,0,0,0,0,0,0,0,0,0,1,1
COACHMANS COTTAGE,0,0,0,0,0,0,0,0,0,1,1
COAL BING,0,0,0,0,0,0,0,0,0,1,1
COAL DEPOT,0,0,0,0,0,0,0,0,0,1,1
COAL GAS STRUCTURE,0,0,0,0,0,0,0,0,0,1,1
COAL MINING SITE,0,0,0,0,0,0,0,0,0,1,1
COAL PREPARATION PLANT,0,0,0,0,0,0,0,0,0,1,1
COAL SHAFT,0,0,0,0,0,0,0,0,0,1,1
COAL SHED,0,0,0,0,0,0,0,0,0,1,1
COAL STORE,0,0,0,0,0,0,0,0,0,1,1
COAL TIPPLER,0,0,0,0,0,0,0,0,0,1,1
COAL TUB,0,0,0,0,0,0,0,0,0,1,1
COAL WASHING PLANT,0,0,0,0,0,0,0,0,0,1,1
COAL WORKS,0,0,0,0,0,0,0,0,0,1,1
COASTAL BATTERY,0,0,0,0,0,0,0,0,0,0,1
COASTAL DEFENCE SITE,0,0,0,0,0,0,0,0,0,0,1
COASTGUARD STATION,0,0,0,0,0,0,0,0,0,0,1
COASTGUARD TOWER,0,0,0,0,0,0,0,0,0,0,1
COBALT MINE,0,0,0,0,0,0,0,0,0,1,1
COBBLED ROAD,0,0,0,0,0,0,0,0,0,1,1
COBBLERS WORKSHOP,0,0,0,0,0,0,0,0,0,1,1
COFFEE WORKS,0,0,0,0,0,0,0,0,0,1,1
COFFIN,0,0,0,0,0,0,0,0,0,0,0
COFFIN CAIRN,0,0,0,0,0,0,0,0,1,0,0
COIN,0,0,0,0,0,1,1,1,1,1,1
COIN HOARD,0,0,0,0,0,1,1,0,0,0,0
COIN MOULD,0,0,0,0,0,0,0,0,0,0,0
COKE OVEN,0,0,0,0,0,0,0,0,0,1,1
COLBY CAMP,0,0,0,0,0,0,0,0,0,0,0
COLD STORE,0,0,0,0,0,0,0,0,1,1,1
COLLAR,0,0,0,0,0,0,0,0,0,0,0
COLLEGE,0,0,0,0,0,0,0,0,1,1,1
COLLEGIATE CHURCH,0,0,0,0,0,0,0,0,0,1,1
COLLIER,0,0,0,0,0,0,0,0,0,0,0
COLLIERY,0,0,0,0,0,0,0,0,0,1,1
COLLIERY INSTITUTE,0,0,0,0,0,0,0,0,0,1,1
COLONY HOUSING,0,0,0,0,0,0,0,0,0,1,1
COLOURING WORKS,0,0,0,0,0,0,0,0,0,1,1
COLUMN,0,0,0,0,0,0,0,0,0,0,0
COMB,0,0,0,0,0,0,0,0,0,0,0
COMB WORKS,0,0,0,0,0,0,0,0,0,1,1
COMMAND POST,0,0,0,0,0,0,0,0,0,0,1
COMMEMORATIVE CAIRN,0,0,0,0,0,0,0,0,0,1,1
COMMEMORATIVE MONUMENT,0,0,0,0,0,0,0,0,0,1,1
COMMEMORATIVE ROCK,0,0,0,0,0,0,0,0,0,1,1
COMMEMORATIVE STONE,0,0,0,0,0,0,0,0,0,1,1
COMMERCIAL,0,0,0,0,0,0,0,0,0,0,0
COMMERCIAL OFFICE,0,0,0,0,0,0,0,0,0,0,1
COMMERCIAL PREMISES,0,0,0,0,0,0,0,0,0,0,1
COMMON LAND,0,0,0,0,0,0,0,1,1,0,0
COMMUNICATIONS INTERCEPT STATION,0,0,0,0,0,0,0,0,0,0,1
COMMUNICATIONS STATION,0,0,0,0,0,0,0,0,0,0,1
COMMUNION TOKEN,0,0,0,0,0,0,0,0,0,0,0
COMMUNITY CENTRE,0,0,0,0,0,0,0,0,0,0,1
COMPOSITE SLAB SHRINE,0,0,0,0,0,0,0,0,0,0,0
CONCERT HALL,0,0,0,0,0,0,0,0,0,1,1
CONCRETE BLOCK,0,0,0,0,0,0,0,0,0,0,1
CONCRETE PLATFORM,0,0,0,0,0,0,0,0,0,0,1
CONCRETE STRUCTURE,0,0,0,0,0,0,0,0,0,0,1
CONCRETE TILE PRESS,0,0,0,0,0,0,0,0,0,0,1
CONDUIT,0,0,0,0,0,0,0,0,0,0,0
CONDUIT HOUSE,0,0,0,0,0,0,0,0,0,1,1
CONFECTIONERY WORKS,0,0,0,0,0,0,0,0,0,1,1
CONFERENCE CENTRE,0,0,0,0,0,0,0,0,0,0,1
CONSERVATORY,0,0,0,0,0,0,0,0,0,0,1
CONSULATE,0,0,0,0,0,0,0,0,0,0,1
CONSUMPTION CAIRN,0,0,0,0,0,0,0,0,1,1,0
CONSUMPTION DYKE,0,0,0,0,0,0,0,0,1,1,0
CONTAINER TERMINAL,0,0,0,0,0,0,0,0,1,1,0
CONTROL TOWER,0,0,0,0,0,0,0,0,0,0,1
CONVALESCENT HOME,0,0,0,0,0,0,0,0,0,0,1
COOKING VESSEL,0,0,0,1,0,0,0,0,0,0,0
COOPERAGE,0,0,0,0,0,0,0,0,0,0,0
COPPER MINE,0,0,0,0,1,0,0,0,0,0,0
COPPER WORKS,0,0,0,0,0,0,0,0,0,1,1
CORD RIG,0,0,0,0,0,1,0,0,0,0,0
CORE,0,0,1,1,0,0,0,0,0,0,0
CORN DRYING KILN,0,0,0,0,0,0,0,1,1,0,0
CORN EXCHANGE,0,0,0,0,0,0,0,0,0,1,0
CORPSE REST,0,0,0,0,0,0,0,0,0,0,0
CORPSE ROAD,0,0,0,0,0,0,0,0,0,1,0
COTTAGE,0,0,0,0,0,0,0,0,0,1,1
COTTON MANUFACTURING SITE,0,0,0,0,0,0,0,0,0,1,1
COTTON MILL,0,0,0,0,0,0,0,0,0,1,1
COUNCIL HOUSE,0,0,0,0,0,0,0,0,0,0,1
COUNTERMINE,0,0,0,0,0,0,0,1,0,0,0
COUNTING HOUSE,0,0,0,0,0,0,0,0,0,1,0
COUNTRY HOUSE,0,0,0,0,0,0,0,0,0,1,1
COUNTY BUILDING,0,0,0,0,0,0,0,0,0,1,1
COURT HILL,0,0,0,0,0,0,0,0,0,1,1
COURT HOUSE,0,0,0,0,0,0,0,0,0,1,1
COURTYARD,0,0,0,0,0,0,0,0,0,0,0
COURTYARD HOUSE,0,0,0,0,0,0,1,0,0,0,0
COVENANTERS GRAVE,0,0,0,0,0,0,0,0,1,0,0
COVENANTERS MEETING PLACE,0,0,0,0,0,0,0,0,1,0,0
COVENANTERS STONE,0,0,0,0,0,0,0,0,1,0,0
CRAFT,0,0,0,0,0,0,0,0,0,0,0
CRAFT INDUSTRY SITE,0,0,0,0,0,0,0,0,0,0,0
CRAFT SHOP,0,0,0,0,0,0,0,0,0,0,1
CRAGGAN,0,0,0,0,0,0,0,0,0,0,0
CRANE,0,0,0,0,0,0,0,0,0,1,1
CRANE WORKS,0,0,0,0,0,0,0,0,0,1,1
CRANNOG,0,0,0,1,1,1,0,0,0,0,0
CREAMERY,0,0,0,0,0,0,0,0,1,1,1
CREMATION,0,0,0,0,0,0,0,0,0,0,0
CREMATION CEMETERY,0,0,0,0,1,1,1,0,0,0,0
CREMATION PIT,0,0,0,0,1,1,1,0,0,0,0
CREMATORIUM,0,0,0,0,0,0,0,0,0,0,1
CRESSET,0,0,0,0,0,0,0,0,0,0,0
CRICKET GROUND,0,0,0,0,0,0,0,0,0,0,1
CROFT,0,0,0,0,0,0,0,0,0,1,1
CROPMARK,0,0,0,0,0,0,0,0,0,0,0
CROSS,0,0,0,0,0,0,1,1,1,1,0
CROSS BASE,0,0,0,0,0,0,1,1,0,0,0
CROSS DYKE,0,0,0,0,0,0,0,0,0,0,0
CROSS INCISED ROCK,0,0,0,0,0,0,1,1,0,0,0
CROSS INCISED STONE,0,0,0,0,0,0,1,1,0,0,0
CROSS RIDGE DYKE,0,0,0,0,0,0,0,0,0,0,0
CROSS SLAB,0,0,0,0,0,0,1,1,0,0,0
CROSSBOW BOLT,0,0,0,0,0,0,0,0,0,0,0
CROZIER,0,0,0,0,0,0,1,1,0,0,0
CRUCIBLE,0,0,0,0,0,0,0,0,0,0,0
CRUCIFIX,0,0,0,0,0,0,0,1,1,1,0
CRUCK FRAMED BARN,0,0,0,0,0,0,0,1,1,1,0
CRUCK FRAMED BUILDING,0,0,0,0,0,0,0,1,1,1,0
CRUCK FRAMED BYRE,0,0,0,0,0,0,0,1,1,1,0
CRUCK FRAMED COTTAGE,0,0,0,0,0,0,0,1,1,1,0
CRUCK FRAMED MILL,0,0,0,0,0,0,0,0,1,1,0
CRUSHING MILL,0,0,0,0,0,0,0,0,0,1,1
CRUSIE MOULD,0,0,0,0,0,0,0,0,0,0,0
CULTIVATION OBJECT,0,0,0,0,0,0,0,0,0,0,0
CULTIVATION REMAINS,0,0,0,0,0,0,0,0,0,0,0
CULTIVATION TERRACE,0,0,0,0,0,1,1,1,0,0,0
CULTIVATOR,0,0,0,0,0,0,0,0,0,0,0
CULVERT,0,0,0,0,0,0,0,0,0,1,1
CUP,0,0,0,1,1,0,0,0,0,0,0
CUP AND RING MARKED ROCK,0,0,0,1,1,0,0,0,0,0,0
CUP AND RING MARKED STONE,0,0,0,1,1,0,0,0,0,0,0
CUP ENDED ORNAMENT,0,0,0,0,0,0,0,0,0,0,0
CUP MARKED ROCK,0,0,0,1,1,0,0,0,0,0,0
CUP MARKED STONE,0,0,0,1,1,0,0,0,0,0,0
CURING HOUSE,0,0,0,0,0,0,0,0,0,1,1
CURING YARD,0,0,0,0,0,0,0,0,0,1,1
CURLING POND,0,0,0,0,0,0,0,0,0,1,1
CURRIERY,0,0,0,0,0,0,0,0,0,0,0
CURSUS,0,0,0,1,0,0,0,0,0,0,0
CURVILINEAR ENCLOSURE,0,0,0,0,0,1,1,1,0,0,0
CUSTOM HOUSE,0,0,0,0,0,0,0,0,0,1,1
DAGGER,0,0,0,0,0,0,0,0,0,0,0
DAIRY,0,0,0,0,0,0,0,0,0,1,1
DAM,0,0,0,0,0,0,0,0,0,1,1
DANCE STUDIO,0,0,0,0,0,0,0,0,0,0,1
DATE STONE,0,0,0,0,0,0,0,0,1,1,1
DAY CENTRE,0,0,0,0,0,0,0,0,0,0,1
DEANERY,0,0,0,0,0,0,0,1,1,0,0
DEATH BURIAL OR FUNERARY OBJECT,0,0,0,0,0,0,0,0,0,0,0
DEBITAGE,0,0,1,1,0,0,0,0,0,0,0
DECK ACCESS BLOCK,0,0,0,0,0,0,0,0,0,1,1
DECONTAMINATION BUILDING,0,0,0,0,0,0,0,0,0,0,1
DECOY POND,0,0,0,0,0,0,0,0,0,0,1
DECOY SITE,0,0,0,0,0,0,0,0,0,0,1
DEER DYKE,0,0,0,0,0,0,0,1,0,0,0
DEER LARDER,0,0,0,0,0,0,0,0,0,1,1
DEER PARK,0,0,0,0,0,0,0,1,0,0,0
DEER TRAP,0,0,0,0,0,0,0,1,0,0,0
DEFENCE,0,0,0,0,0,0,0,0,0,1,1
DEFENCE OBSTRUCTION,0,0,0,0,0,0,0,0,0,1,1
DEFENSIVE PITS,0,0,0,0,0,0,0,0,0,1,1
DEGAUSSING STATION,0,0,0,0,0,0,0,0,0,1,1
DELICATESSEN,0,0,0,0,0,0,0,0,0,0,1
DEPARTMENT STORE,0,0,0,0,0,0,0,0,0,0,1
DEPOT,0,0,0,0,0,0,0,0,0,0,1
DERRICK,0,0,0,0,0,0,0,0,0,1,1
DETACHED HOUSE,0,0,0,0,0,0,0,0,0,1,1
DEWPOND,0,0,0,0,0,0,0,0,0,0,0
DIATOMITE DRYING SHED,0,0,0,0,0,0,0,0,0,1,1
DIATOMITE WORKS,0,0,0,0,0,0,0,0,0,1,1
DIE,0,0,0,0,0,0,0,0,0,0,0
DIORAMA,0,0,0,0,0,0,0,0,0,0,1
DIRECTION ARROW,0,0,0,0,0,0,0,0,0,0,0
DIRK,0,0,0,0,0,0,0,0,0,0,0
DISC,0,0,0,0,0,0,0,0,0,0,0
DISH,0,0,0,0,0,0,0,0,0,0,0
DISPERSAL BAY,0,0,0,0,0,0,0,0,0,0,0
DISTANCE SLAB,0,0,0,0,0,1,0,0,0,1,1
DISTILLERY,0,0,0,0,0,0,0,0,0,1,1
DISTILLING SITE,0,0,0,0,0,0,0,0,1,1,1
DITCH,0,0,0,0,0,0,0,0,0,0,0
DITCH DEFINED CURSUS,0,0,0,1,0,0,0,0,0,0,0
DIVING PLATFORM,0,0,0,0,0,0,0,0,0,0,1
DOCK,0,0,0,0,0,0,0,0,0,1,1
DOCK BASIN,0,0,0,0,0,0,0,0,0,1,1
DOCK GATE,0,0,0,0,0,0,0,0,0,1,1
DOCKMASTERS OFFICE,0,0,0,0,0,0,0,0,0,1,1
DOG RACING TRACK,0,0,0,0,0,0,0,0,0,0,1
DOLABRA,0,0,0,0,0,0,0,0,0,0,0
DOLPHIN,0,0,0,0,0,0,0,0,0,0,0
DOMESTIC,0,0,0,0,0,0,0,0,0,0,0
DOVECOT,0,0,0,0,0,0,0,1,1,1,0
DOWER HOUSE,0,0,0,0,0,0,0,0,0,0,0
DRAIN,0,0,0,0,0,0,0,0,0,0,0
DRAWBRIDGE,0,0,0,0,0,0,0,1,1,0,0
DRESS FASTENER,0,0,0,0,0,0,0,0,0,0,0
DRIFT MINE,0,0,0,0,0,0,0,0,0,1,1
DRILL BIT,0,0,0,0,0,0,0,0,0,0,0
DRILL HALL,0,0,0,0,0,0,0,0,0,0,1
DRILLING RIG,0,0,0,0,0,0,0,0,0,0,1
DRINKING FOUNTAIN,0,0,0,0,0,0,0,0,0,1,1
DRINKING HORN,0,0,0,0,0,0,1,0,0,0,0
DRIVE,0,0,0,0,0,0,0,0,0,0,0
DROVE ROAD,0,0,0,0,0,0,0,1,1,0,0
DRY DOCK,0,0,0,0,0,0,0,0,0,1,1
DRY SKI SLOPE,0,0,0,0,0,0,0,0,0,0,1
DRYING HOUSE,0,0,0,0,0,0,0,0,0,1,1
DUCK BUTT,0,0,0,0,0,0,0,0,0,0,0
DUN,0,0,0,0,0,1,0,0,0,0,0
DUNG PIT,0,0,0,0,0,0,0,0,0,0,0
DWELLING,0,0,0,0,0,0,0,0,0,0,0
DYE WORKS,0,0,0,0,0,0,0,0,0,1,1
DYKE,0,0,0,0,0,0,0,0,0,0,0
EAR RING,0,0,0,0,0,0,0,0,0,0,0
EARTHWORK,0,0,0,0,0,0,0,0,0,0,0
ECCLESIASTICAL BUILDING,0,0,0,0,0,0,0,0,0,1,1
ECOFACTS,0,0,0,0,0,0,0,0,0,1,1
EELHOUSE,0,0,0,0,0,0,0,0,0,0,0
EFFIGY,0,0,0,0,0,0,0,0,0,0,0
EGG END BOILER,0,0,0,0,0,0,0,0,0,0,0
ELECTRICITY PRODUCTION SITE,0,0,0,0,0,0,0,0,0,0,1
ELECTRICITY SUB STATION,0,0,0,0,0,0,0,0,0,0,1
ELEVATOR CONVEYOR SYSTEM,0,0,0,0,0,0,0,0,0,0,1
EMBANKMENT,0,0,0,0,0,0,0,0,0,1,1
EMBROIDERY FACTORY,0,0,0,0,0,0,0,0,0,1,1
ENCAMPMENT,0,0,0,0,0,0,0,0,0,0,0
ENCLOSED CREMATION CEMETERY,0,0,0,0,0,0,0,0,0,0,0
ENCLOSED SETTLEMENT,0,0,0,0,0,1,1,0,0,0,0
ENCLOSURE,0,0,0,0,0,0,0,0,0,0,0
ENGINE,0,0,0,0,0,0,0,0,0,0,0
ENGINE HOUSE,0,0,0,0,0,0,0,0,0,1,1
ENGINE SHED,0,0,0,0,0,0,0,0,0,1,1
ENGINE WORKS,0,0,0,0,0,0,0,0,0,1,1
ENGINEERING INDUSTRY SITE,0,0,0,0,0,0,0,0,0,1,1
ENGINEERING WORKS,0,0,0,0,0,0,0,0,0,1,1
ENGINEERS OFFICE,0,0,0,0,0,0,0,0,0,1,1
ENGRAVED OBJECT,0,0,0,0,0,0,0,0,0,0,0
EROSION SITE,0,0,0,0,0,0,0,0,0,0,0
ESPLANADE,0,0,0,0,0,0,0,0,0,1,1
ESTATE,0,0,0,0,0,0,0,0,0,1,1
ESTATE BUILDING,0,0,0,0,0,0,0,0,0,1,1
ESTATE COTTAGE,0,0,0,0,0,0,0,0,0,1,1
ESTATE OFFICE,0,0,0,0,0,0,0,0,0,1,1
EWER,0,0,0,0,0,0,0,0,0,0,0
EXCHANGE,0,0,0,0,0,0,0,0,0,1,1
EXECUTION SITE,0,0,0,0,0,0,0,1,0,0,0
EXEDRA,0,0,0,0,0,0,0,0,0,0,0
EXHIBITION CENTRE,0,0,0,0,0,0,0,0,0,0,1
EXHIBITION HALL,0,0,0,0,0,0,0,0,0,1,1
EXHIBITION PAVILION,0,0,0,0,0,0,0,0,0,1,1
EXHIBITION SITE,0,0,0,0,0,0,0,0,0,1,1
EXPERIMENTAL ARCHAEOLOGY SITE,0,0,0,0,0,0,0,0,0,0,1
EXPLOSIVES FACTORY,0,0,0,0,0,0,0,0,0,1,1
EXPLOSIVES MANUFACTURING SITE,0,0,0,0,0,0,0,0,0,1,1
EXPLOSIVES STORE,0,0,0,0,0,0,0,0,0,1,1
EXTRACTIVE PIT,0,0,0,0,0,0,0,0,0,1,1
FABRICATION SHED,0,0,0,0,0,0,0,0,0,0,1
FABRICATION YARD,0,0,0,0,0,0,0,0,0,0,1
FABRICATOR,0,0,0,0,0,0,0,0,0,0,0
FACTORY,0,0,0,0,0,0,0,0,0,0,1
FACULTY BUILDING,0,0,0,0,0,0,0,0,0,0,1
FAIR,0,0,0,0,0,0,0,0,0,0,1
FARINA MILL,0,0,0,0,0,0,0,0,0,0,1
FARM,0,0,0,0,0,0,0,0,0,1,1
FARM BUILDING,0,0,0,0,0,0,0,0,0,1,1
FARM LABOURERS COTTAGE,0,0,0,0,0,0,0,0,0,1,1
FARMHOUSE,0,0,0,0,0,0,0,0,0,1,1
FARMSTEAD,0,0,0,0,0,0,0,0,1,1,1
FARMYARD,0,0,0,0,0,0,0,0,0,0,0
FASTENING,0,0,0,0,0,0,0,0,0,0,1
FEED BIN STANCE,0,0,0,0,0,0,0,0,0,0,1
FEED WORKS,0,0,0,0,0,0,0,0,0,0,1
FELDSPAR QUARRY,0,0,0,0,0,0,0,0,0,1,1
FENCE,0,0,0,0,0,0,0,0,0,0,0
FERNERY,0,0,0,0,0,0,0,0,0,0,0
FERRULE,0,0,0,0,0,0,0,0,0,0,0
FERRY,0,0,0,0,0,0,0,0,0,0,0
FERRY CROSSING,0,0,0,0,0,0,0,1,1,1,1
FERRY TERMINAL,0,0,0,0,0,0,0,0,0,0,1
FERRYKEEPERS COTTAGE,0,0,0,0,0,0,0,0,0,1,1
FERTILIZER WORKS,0,0,0,0,0,0,0,0,0,1,1
FIBRE GLASS WORKS,0,0,0,0,0,0,0,0,0,0,1
FIELD BOUNDARY,0,0,0,0,0,0,0,0,0,0,0
FIELD DRAIN,0,0,0,0,0,0,0,0,0,0,0
FIELD SYSTEM,0,0,0,0,0,1,1,1,0,0,0
FIGUREHEAD,0,0,0,0,0,0,0,0,0,0,0
FIGURINE,0,0,0,0,0,0,0,0,0,0,0
FILE,0,0,0,0,0,0,0,0,0,0,0
FILTER BED,0,0,0,0,0,0,0,0,0,0,0
FILTER HOUSE,0,0,0,0,0,0,0,0,0,1,1
FINDSPOT,0,0,0,0,0,0,0,0,0,0,0
FINGER POST,0,0,0,0,0,0,0,0,0,0,1
FINGER RING,0,0,0,0,0,0,0,0,0,1,1
FIRE BRICK WORKS,0,0,0,0,0,0,0,0,0,1,1
FIRE CLAY MINE,0,0,0,0,0,0,0,0,0,1,1
FIRE CLAY WORKS,0,0,0,0,0,0,0,0,0,1,1
FIRE STATION,0,0,0,0,0,0,0,0,0,1,1
FIREARM,0,0,0,0,0,0,0,0,0,0,0
FIRING RANGE,0,0,0,0,0,0,0,0,0,0,1
FIRST AID POST,0,0,0,0,0,0,0,0,0,0,1
FISH CURING BUILDING,0,0,0,0,0,0,0,0,0,1,1
FISH CURING PLANT,0,0,0,0,0,0,0,0,0,1,1
FISH CURING YARD,0,0,0,0,0,0,0,0,0,1,1
FISH FARM,0,0,0,0,0,0,0,0,0,0,1
FISH HATCHERY,0,0,0,0,0,0,0,0,0,0,1
FISH HOOK,0,0,0,0,0,0,0,0,0,0,0
FISH HOUSE,0,0,0,0,0,0,0,0,0,0,1
FISH LADDER,0,0,0,0,0,0,0,0,0,0,1
FISH MARKET,0,0,0,0,0,0,0,0,0,0,1
FISH PROCESSING FACTORY,0,0,0,0,0,0,0,0,0,0,1
FISH PROCESSING SITE,0,0,0,0,0,0,0,0,0,0,1
FISH SMOKING KILN,0,0,0,0,0,0,0,0,0,0,1
FISH TRAP,0,0,0,0,0,0,0,1,1,0,0
FISHERMENS MISSION,0,0,0,0,0,0,0,0,0,0,1
FISHERY,0,0,0,0,0,0,0,0,0,0,1
FISHING BOTHY,0,0,0,0,0,0,0,0,0,0,1
FISHING LODGE,0,0,0,0,0,0,0,0,0,0,1
FISHING SITE,0,0,0,0,0,0,0,0,0,0,1
FISHING STAND,0,0,0,0,0,0,0,0,0,0,1
FISHING STATION,0,0,0,0,0,0,0,0,0,0,1
FISHING VESSEL,0,0,0,0,0,0,0,0,0,0,1
FISHMONGERS SHOP,0,0,0,0,0,0,0,0,0,0,1
FISHPOND,0,0,0,0,0,0,0,0,0,0,1
FIVES COURT,0,0,0,0,0,0,0,0,0,0,1
FLAGON,0,0,0,0,0,0,0,0,0,0,0
FLAGPOLE,0,0,0,0,0,0,0,0,0,0,1
FLAIL,0,0,0,0,0,0,0,0,0,0,0
FLAKE,0,0,1,1,0,0,0,0,0,0,0
FLANGED AXEHEAD,0,0,0,0,1,0,0,0,0,0,0
FLASK,0,0,0,0,0,0,0,0,0,0,0
FLAT,0,0,0,0,0,0,0,0,0,0,0
FLAT AXEHEAD,0,0,0,0,1,0,0,0,0,0,0
FLATS,0,0,0,0,0,0,0,0,0,0,0
FLAX DRESSING SHOP,0,0,0,0,0,0,0,0,0,0,1
FLAX KILN,0,0,0,0,0,0,0,0,0,0,1
FLAX MILL,0,0,0,0,0,0,0,0,0,0,1
FLAX STORE,0,0,0,0,0,0,0,0,0,0,1
FLEECING TABLE,0,0,0,0,0,0,0,0,0,0,1
FLINT DEPOSIT,0,0,0,0,0,0,0,0,0,0,0
FLINT MILL,0,0,0,0,0,0,0,0,0,0,1
FLINT MINE,0,0,0,0,0,0,0,0,0,0,1
FLINT SCATTER,0,0,1,1,0,0,0,0,0,0,0
FLINTLOCK PISTOL,0,0,0,0,0,0,0,0,0,1,0
FLOATING CRANE,0,0,0,0,0,0,0,0,0,0,1
FLOOD DEFENCES,0,0,0,0,0,0,0,0,0,0,1
FLOOD MARKER,0,0,0,0,0,0,0,0,0,0,1
FLOOR,0,0,0,0,0,0,0,0,0,0,0
FLOORCLOTH FACTORY,0,0,0,0,0,0,0,0,0,0,1
FLORIST,0,0,0,0,0,0,0,0,0,0,1
FLOUR MILL,0,0,0,0,0,0,0,0,0,1,1
FLUE TILE,0,0,0,0,0,0,0,0,0,0,0
FODDER STORE,0,0,0,0,0,0,0,0,0,1,1
FOG HORN,0,0,0,0,0,0,0,0,0,0,1
FOLLY,0,0,0,0,0,0,0,0,0,0,0
FONT,0,0,0,0,0,0,0,0,0,0,0
FOOD PROCESSING PLANT,0,0,0,0,0,0,0,0,0,0,1
FOOD PROCESSING SITE,0,0,0,0,0,0,0,0,0,0,1
FOOD VESSEL,0,0,0,1,0,0,0,0,0,0,0
FOOD VESSEL URN,0,0,0,1,0,0,0,0,0,0,0
FOOTBALL GROUND,0,0,0,0,0,0,0,0,0,0,1
FOOTBRIDGE,0,0,0,0,0,0,0,0,0,1,1
FOOTPRINT,0,0,0,0,0,0,0,0,0,0,0
FORD,0,0,0,0,0,0,0,0,0,0,0
FORESTRY WORKERS CAMP,0,0,0,0,0,0,0,0,0,1,1
FORGE,0,0,0,0,0,0,0,0,0,1,1
FORMAL GARDEN,0,0,0,0,0,0,0,0,0,1,1
FORT,0,0,0,0,1,1,1,0,0,0,0
FORT ANNEXE,0,0,0,0,0,1,1,0,0,0,0
FORTIFICATION,0,0,0,0,0,0,0,0,1,1,1
FORTIFIED HOUSE,0,0,0,0,0,0,0,1,0,0,0
FORTIFIED ISLAND,0,0,0,0,0,0,0,1,0,0,0
FORTIFIED MANOR HOUSE,0,0,0,0,0,0,0,1,0,0,0
FORTLET,0,0,0,0,0,1,0,0,0,0,0
FOUNDRY,0,0,0,0,0,0,0,0,0,1,1
FOUNTAIN,0,0,0,0,0,0,0,0,0,1,1
FOUR IN A BLOCK,0,0,0,0,0,0,0,0,0,0,0
FOUR POSTER STONE CIRCLE,0,0,0,1,0,0,0,0,0,0,0
FRIARY,0,0,0,0,0,0,1,1,0,0,0
FRIENDS MEETING HOUSE,0,0,0,0,0,0,0,0,0,1,0
FRONTIER DEFENCE,0,0,0,0,0,1,0,0,0,0,0
FRUIT AND VEGETABLE MARKET,0,0,0,0,0,0,0,0,0,1,1
FRUIT STORE,0,0,0,0,0,0,0,0,0,0,1
FUEL STORE,0,0,0,0,0,0,0,0,0,0,1
FULLERS EARTH QUARRY,0,0,0,0,0,0,0,0,0,1,1
FULLING MILL,0,0,0,0,0,0,0,0,0,1,1
FUNDAMENTAL BENCH MARK,0,0,0,0,0,0,0,0,0,1,0
FUNERAL DIRECTORS,0,0,0,0,0,0,0,0,0,0,1
FUNERARY SITE,0,0,0,0,0,0,0,0,0,0,0
FURNACE,0,0,0,0,0,0,0,0,0,0,0
FURNITURE SHOWROOM,0,0,0,0,0,0,0,0,0,0,1
FURRIERS WORKSHOP,0,0,0,0,0,0,0,0,0,0,1
GALLERIED DUN,0,0,0,0,0,1,0,0,0,0,0
GALLOWS,0,0,0,0,0,0,0,1,1,0,0
GALLOWS MOUND,0,0,0,0,0,0,0,1,1,0,0
GAME LARDER,0,0,0,0,0,0,0,0,0,1,1
GAMEKEEPERS HOUSE,0,0,0,0,0,0,0,0,0,1,1
GAMING BOARD,0,0,0,0,0,0,1,0,0,0,0
GAMING PIECE,0,0,0,0,0,0,1,0,0,0,0
GANTRY,0,0,0,0,0,0,0,0,0,0,1
GARAGE,0,0,0,0,0,0,0,0,0,0,1
GARDEN,0,0,0,0,0,0,0,0,0,1,1
GARDEN BUILDING,0,0,0,0,0,0,0,0,0,1,1
GARDEN CENTRE,0,0,0,0,0,0,0,0,0,1,1
GARDEN FEATURE,0,0,0,0,0,0,0,0,0,1,1
GARDEN HOUSE,0,0,0,0,0,0,0,0,0,1,1
GARDEN ORNAMENT,0,0,0,0,0,0,0,0,0,1,1
GARDEN SEAT,0,0,0,0,0,0,0,0,0,1,1
GARDEN SHED,0,0,0,0,0,0,0,0,0,1,1
GARDEN TEMPLE,0,0,0,0,0,0,0,0,0,1,1
GARDEN TERRACE,0,0,0,0,0,0,0,0,0,1,1
GARDEN WALL,0,0,0,0,0,0,0,0,0,1,1
GARDENERS LODGE,0,0,0,0,0,0,0,0,0,1,1
GAS COMPRESSOR STATION,0,0,0,0,0,0,0,0,0,1,1
GAS HOLDER,0,0,0,0,0,0,0,0,0,1,1
GAS HOLDER STATION,0,0,0,0,0,0,0,0,0,1,1
GAS HOUSE,0,0,0,0,0,0,0,0,0,1,1
GAS PURIFICATION STATION,0,0,0,0,0,0,0,0,0,1,1
GAS STORAGE TANK,0,0,0,0,0,0,0,0,0,1,1
GAS TERMINAL,0,0,0,0,0,0,0,0,0,0,1
GAS WORKS,0,0,0,0,0,0,0,0,0,1,1
GASIFICATION PLANT,0,0,0,0,0,0,0,0,0,1,1
GASOMETER,0,0,0,0,0,0,0,0,0,1,1
GATE,0,0,0,0,0,0,0,0,0,0,0
GATE LODGE,0,0,0,0,0,0,0,0,0,1,0
GATE PIER,0,0,0,0,0,0,0,0,0,1,1
GATE POST,0,0,0,0,0,0,0,0,0,1,0
GATE TOWER,0,0,0,0,0,0,0,1,1,1,1
GATEHOUSE,0,0,0,0,0,0,0,0,0,1,1
GATEWAY,0,0,0,0,0,0,0,0,0,1,1
GATHERING FOLD,0,0,0,0,0,0,0,0,0,1,1
GAUGE BASIN,0,0,0,0,0,0,0,0,0,0,1
GAZEBO,0,0,0,0,0,0,0,0,0,0,1
GEAR STORE,0,0,0,0,0,0,0,0,0,0,1
GELATINE WORKS,0,0,0,0,0,0,0,0,0,0,1
GENERAL STORE,0,0,0,0,0,0,0,0,0,0,1
GENERAL VIEW,0,0,0,0,0,0,0,0,0,0,0
GENERATING PLANT,0,0,0,0,0,0,0,0,0,0,1
GENERATOR,0,0,0,0,0,0,0,0,0,0,1
GENERATOR HOUSE,0,0,0,0,0,0,0,0,0,0,1
GEOLOGICAL CROPMARK,1,0,0,0,0,0,0,0,0,0,0
GEOLOGICAL FEATURE,1,0,0,0,0,0,0,0,0,0,0
GLASS FURNACE,0,0,0,0,0,0,0,0,0,1,1
GLASS WORKS,0,0,0,0,0,0,0,0,0,1,1
GLASSHOUSE,0,0,0,0,0,0,0,0,0,1,1
GLASSMAKING SITE,0,0,0,0,0,0,0,0,0,1,1
GLEBE,0,0,0,0,0,0,0,0,0,1,1
GLUE FACTORY,0,0,0,0,0,0,0,0,0,1,1
GOBLET,0,0,0,0,0,0,0,0,0,0,0
GOLD MINE,0,0,0,0,0,0,0,0,0,1,1
GOLD WORKINGS,0,0,0,0,0,0,0,0,0,1,1
GOLF CLUB,0,0,0,0,0,0,0,0,0,1,1
GOLF COURSE,0,0,0,0,0,0,0,0,0,1,1
GOODS SHED,0,0,0,0,0,0,0,0,0,1,1
GOODS STATION,0,0,0,0,0,0,0,0,0,1,1
GOODS YARD,0,0,0,0,0,0,0,0,0,1,1
GOUGE,0,0,0,0,0,0,0,0,0,0,0
GOVERNMENT OFFICE,0,0,0,0,0,0,0,0,0,0,1
GRAFFITI,0,0,0,0,0,0,0,0,0,0,1
GRAIN DRIER,0,0,0,0,0,0,1,1,1,0,0
GRAIN DRYING RACK,0,0,0,0,0,0,0,0,0,0,0
GRAIN ELEVATOR,0,0,0,0,0,0,0,0,0,1,1
GRAIN MILL,0,0,0,0,0,0,0,0,0,1,1
GRAIN WAREHOUSE,0,0,0,0,0,0,0,0,0,1,1
GRANARY,0,0,0,0,0,0,0,0,0,0,0
GRANDSTAND,0,0,0,0,0,0,0,0,0,0,1
GRANGE,0,0,0,0,0,0,0,0,0,1,1
GRANITE QUARRY,0,0,0,0,0,0,0,0,0,1,1
GRANITE WORKS,0,0,0,0,0,0,0,0,0,1,1
GRAPHITE MINE,0,0,0,0,0,0,0,0,0,1,1
GRAVE,0,0,0,0,0,0,0,0,0,0,0
GRAVE MARKER,0,0,0,0,0,0,0,0,1,1,1
GRAVE SLAB,0,0,0,0,0,0,0,0,1,1,1
GRAVEL PIT,0,0,0,0,0,0,0,0,0,1,1
GRAVER,0,0,0,0,0,0,0,0,0,0,0
GRAVESTONE,0,0,0,0,0,0,0,0,1,1,1
GRAVING DOCK,0,0,0,0,0,0,0,0,0,1,1
GREASE WORKS,0,0,0,0,0,0,0,0,0,1,1
GREEN,0,0,0,0,0,0,0,0,0,0,0
GREENGROCERS SHOP,0,0,0,0,0,0,0,0,0,0,1
GRENADE RANGE,0,0,0,0,0,0,0,0,0,0,1
GRINDING EQUIPMENT,0,0,0,0,0,0,0,0,0,0,1
GRINDSTONE,0,0,0,0,0,0,0,0,0,0,1
GRIST MILL,0,0,0,0,0,0,0,0,0,0,1
GROCERS SHOP,0,0,0,0,0,0,0,0,0,0,1
GROTTO,0,0,0,0,0,0,0,0,0,1,1
GROUND FRAME,0,0,0,0,0,0,0,0,0,0,0
GROUSE BUTT,0,0,0,0,0,0,0,0,0,0,1
GROYNE,0,0,0,0,0,0,0,0,0,0,1
GUARDHOUSE,0,0,0,0,0,0,0,0,0,1,1
GUEST HALL,0,0,0,0,0,0,0,0,0,0,1
GUIDE PLATE,0,0,0,0,0,0,0,0,0,0,0
GUIDE POST,0,0,0,0,0,0,0,0,0,0,1
GUIDE STONE,0,0,0,0,0,0,0,0,0,0,1
GUILDHALL,0,0,0,0,0,0,0,0,0,1,1
GUN CREW ACCOMMODATION,0,0,0,0,0,0,0,0,0,0,1
GUN EMPLACEMENT,0,0,0,0,0,0,0,0,0,0,1
GUN ROOM,0,0,0,0,0,0,0,0,0,0,1
GUNFLINT,0,0,0,0,0,0,0,0,0,0,0
GUNLOOP,0,0,0,0,0,0,0,0,0,0,1
GUNPOWDER WORKS,0,0,0,0,0,0,0,0,0,1,1
GURDWARA,0,0,0,0,0,0,0,0,0,0,0
GUT FACTORY,0,0,0,0,0,0,0,0,0,0,0
GYMNASIUM,0,0,0,0,0,0,0,0,0,1,1
HA HA,0,0,0,0,0,0,0,0,1,1,0
HAEMATITE MINE,0,0,0,0,0,0,0,0,0,1,1
HAIR PIN,0,0,0,0,0,0,0,0,0,0,0
HAIR RING,0,0,0,0,0,0,0,0,0,0,0
HAIRDRESSERS SALON,0,0,0,0,0,0,0,0,0,0,1
HALBERD,0,0,0,0,0,0,0,1,0,0,0
HALL,0,0,0,1,0,0,1,1,1,1,1
HALL HOUSE,0,0,0,0,0,0,0,0,0,0,0
HALL OF RESIDENCE,0,0,0,0,0,0,0,0,0,0,0
HAMMER,0,0,0,0,0,0,0,0,0,0,0
HAMMERSTONE,0,0,0,1,1,0,0,0,0,0,0
HAND CRANE,0,0,0,0,0,0,0,0,0,1,1
HAND PUMP,0,0,0,0,0,0,0,0,0,1,1
HAND WINCH,0,0,0,0,0,0,0,0,0,1,1
HANDAXE,0,1,0,0,0,0,0,0,0,0,0
HANDCUFFS,0,0,0,0,0,0,0,0,0,1,1
HANDLE,0,0,0,0,0,0,0,0,0,0,0
HANDLOOM WEAVING MILL,0,0,0,0,0,0,0,0,0,1,0
HANGAR,0,0,0,0,0,0,0,0,0,0,1
HANGING BOWL,0,0,0,0,0,0,0,1,1,0,0
HARBOUR,0,0,0,0,0,0,0,0,0,1,1
HARDWARE SHOP,0,0,0,0,0,0,0,0,0,0,1
HARNESS,0,0,0,0,0,0,0,0,0,0,0
HARNESS FITTING,0,0,0,0,0,0,0,0,0,0,0
HARNESS MOUNT,0,0,0,0,0,0,0,0,0,0,0
HARNESS PENDANT,0,0,0,0,0,0,0,0,0,0,0
HARPOON,0,0,0,0,0,0,0,0,0,0,0
HARVESTING AND MOWING OBJECT,0,0,0,0,0,0,0,0,0,0,0
HASP,0,0,0,0,0,0,0,0,0,0,0
HAY BARN,0,0,0,0,0,0,0,0,0,1,1
HAYLOFT,0,0,0,0,0,0,0,0,0,1,0
HEAD DYKE,0,0,0,0,0,0,0,1,1,0,0
HEALTH CENTRE,0,0,0,0,0,0,0,0,0,0,1
HEALTH WORKERS HOUSE,0,0,0,0,0,0,0,0,0,0,1
HEARSE HOUSE,0,0,0,0,0,0,0,0,0,1,0
HEARTH,0,0,0,0,0,0,0,0,0,0,0
HEAVY ENGINEERING WORKS,0,0,0,0,0,0,0,0,0,0,1
HEAVY GOODS VEHICLE TESTING STATION,0,0,0,0,0,0,0,0,0,0,1
HEDGE,0,0,0,0,0,0,0,0,0,0,0
HELICOPTER LANDING PLATFORM,0,0,0,0,0,0,0,0,0,0,1
HELMET,0,0,0,0,0,0,0,0,0,0,0
HEMP MILL,0,0,0,0,0,0,0,0,0,1,1
HEN HOUSE,0,0,0,0,0,0,0,0,0,0,1
HENGE,0,0,0,1,0,0,0,0,0,0,0
HERALDIC DEVICE,0,0,0,0,0,0,0,1,1,0,0
HERBARIUM,0,0,0,0,0,0,0,0,0,0,0
HERMITAGE,0,0,0,0,0,0,0,0,0,1,0
HERRING CURING STATION,0,0,0,0,0,0,0,0,0,1,1
HIDE,0,0,0,0,0,0,0,0,0,0,0
HILL FIGURE,0,0,0,0,0,0,0,0,0,0,0
HILT,0,0,0,0,0,0,0,0,0,0,0
HINDU MANDIR,0,0,0,0,0,0,0,0,0,0,0
HOARD,0,0,0,0,0,0,0,0,0,0,0
HOARDING,0,0,0,0,0,0,0,0,0,0,0
HOE,0,0,0,0,0,0,0,0,0,0,0
HOGBACK STONE,0,0,0,0,0,0,1,0,0,0,0
HOLIDAY CAMP,0,0,0,0,0,0,0,0,0,0,1
HOLLOW,0,0,0,0,0,0,0,0,0,0,0
HOLLOW WAY,0,0,0,0,0,0,0,1,0,0,0
HOLY WELL,0,0,0,0,0,0,0,1,1,0,0
HOOK,0,0,0,0,0,0,0,0,0,0,0
HORIZONTAL MILL,0,0,0,0,0,0,1,1,1,0,0
HORN,0,0,0,0,0,0,0,0,0,0,0
HORSA HUT,0,0,0,0,0,0,0,0,0,0,1
HORSE ENGINE,0,0,0,0,0,0,0,0,0,1,0
HORSE ENGINE HOUSE,0,0,0,0,0,0,0,0,0,1,0
HORSE ENGINE PLATFORM,0,0,0,0,0,0,0,0,0,1,0
HORSE EXERCISE RING,0,0,0,0,0,0,0,0,0,0,1
HORSE TRAPPING,0,0,0,0,0,0,0,0,0,0,0
HORSEHAIR FACTORY,0,0,0,0,0,0,0,0,0,1,1
HORSESHOE,0,0,0,0,0,0,0,0,0,0,0
HOSIERY FACTORY,0,0,0,0,0,0,0,0,0,0,0
HOSPICE,0,0,0,0,0,0,0,0,0,0,0
HOSPITAL,0,0,0,0,0,0,0,0,0,0,1
HOSPITAL BLOCK,0,0,0,0,0,0,0,0,0,0,1
HOSPITAL BUILDING,0,0,0,0,0,0,0,0,0,0,1
HOSPITAL WARD,0,0,0,0,0,0,0,0,0,0,1
HOSTEL,0,0,0,0,0,0,0,0,0,0,1
HOTEL,0,0,0,0,0,0,0,0,0,0,1
HOUSE,0,0,0,0,0,0,0,0,0,0,0
HOUSE PLATFORM,0,0,0,1,1,1,1,0,0,0,0
HOUSING ESTATE,0,0,0,0,0,0,0,0,0,0,1
HULK,0,0,0,0,0,0,0,0,0,0,0
HUMAN REMAINS,0,0,0,0,0,0,0,0,0,0,0
HUNTING LODGE,0,0,0,0,0,0,0,0,0,1,1
HUNTING SITE,0,0,0,0,0,0,0,0,0,0,0
HUSH,0,0,0,0,0,0,0,0,0,0,0
HUT,0,0,0,0,0,0,0,0,0,0,0
HUT CIRCLE,0,0,0,1,1,1,1,0,0,0,0
HYDRAULIC ACCUMULATOR TOWER,0,0,0,0,0,0,0,0,0,1,1
HYDRAULIC ENGINE,0,0,0,0,0,0,0,0,0,1,1
HYDRAULIC POWER SITE,0,0,0,0,0,0,0,0,0,1,1
HYDRAULIC POWER STATION,0,0,0,0,0,0,0,0,0,1,1
HYDRAULIC PUMPING ENGINE,0,0,0,0,0,0,0,0,0,1,1
HYDRAULIC PUMPING STATION,0,0,0,0,0,0,0,0,0,1,1
HYDRAULIC RAM,0,0,0,0,0,0,0,0,0,1,1
HYDROELECTRIC POWER STATION,0,0,0,0,0,0,0,0,0,1,1
HYDROPATHIC INSTITUTE,0,0,0,0,0,0,0,0,0,1,1
HYDROPHONE STATION,0,0,0,0,0,0,0,0,0,0,1
ICE FACTORY,0,0,0,0,0,0,0,0,0,1,1
ICE POND,0,0,0,0,0,0,0,0,0,1,0
ICEHOUSE,0,0,0,0,0,0,0,0,1,1,0
ICON,0,0,0,0,0,0,0,0,0,0,0
IMPLEMENT,0,0,0,0,0,0,0,0,0,0,0
INCINERATOR,0,0,0,0,0,0,0,0,0,0,1
INCLINED PLANE,0,0,0,0,0,0,0,0,0,0,1
INDETERMINATE MILITARY STRUCTURE,0,0,0,0,0,0,0,0,0,0,0
INDUSTRIAL BUILDING,0,0,0,0,0,0,0,0,0,1,1
INDUSTRIAL BY PRODUCT,0,0,0,0,0,0,0,0,0,1,1
INDUSTRIAL ESTATE,0,0,0,0,0,0,0,0,0,1,1
INDUSTRIAL HOUSE,0,0,0,0,0,0,0,0,0,1,1
INDUSTRIAL LANDSCAPE,0,0,0,0,0,0,0,0,0,1,1
INDUSTRIAL PREMISES,0,0,0,0,0,0,0,0,0,1,1
INDUSTRIAL SCHOOL,0,0,0,0,0,0,0,0,0,1,1
INDUSTRIAL SITE,0,0,0,0,0,0,0,0,0,1,1
INDUSTRIAL VILLAGE,0,0,0,0,0,0,0,0,0,1,1
INFECTIOUS DISEASES HOSPITAL,0,0,0,0,0,0,0,0,0,0,1
INFIRMARY,0,0,0,0,0,0,0,0,0,1,1
INFORMATION CENTRE,0,0,0,0,0,0,0,0,0,0,1
INGLENOOK,0,0,0,0,0,0,0,1,1,1,1
INGOT,0,0,0,0,0,0,0,0,0,0,0
INGOT MOULD,0,0,0,0,0,0,0,0,0,0,0
INHUMATION,0,0,0,0,0,0,0,0,0,0,0
INN,0,0,0,0,0,0,0,1,1,1,1
INORGANIC MATERIAL,0,0,0,0,0,0,0,0,0,0,0
INSCRIBED ROCK,0,0,0,0,0,0,0,0,0,0,0
INSCRIBED STONE,0,0,0,0,0,0,0,0,0,0,0
INSPECTION CHAMBER,0,0,0,0,0,0,0,0,0,0,1
INSPECTION HATCH,0,0,0,0,0,0,0,0,0,0,1
INSTITUTE,0,0,0,0,0,0,0,0,0,0,1
INTAGLIO,0,0,0,0,0,1,0,0,0,0,0
IRON FOUNDRY,0,0,0,0,0,0,0,0,0,1,1
IRON ORE PROCESSING PLANT,0,0,0,0,0,0,0,0,0,1,1
IRON WAREHOUSE,0,0,0,0,0,0,0,0,0,1,1
IRON WORKING SITE,0,0,0,0,0,0,0,0,0,1,1
IRON WORKS,0,0,0,0,0,0,0,0,0,1,1
IRONSTONE MINE,0,0,0,0,0,0,0,0,0,1,1
IRONSTONE WORKINGS,0,0,0,0,0,0,0,0,0,1,1
ISLAND,0,0,0,0,0,0,0,0,0,0,0
ISLAND DWELLING,0,0,0,1,1,1,1,0,0,0,0
JAIL,0,0,0,0,0,0,0,0,0,1,1
JAR,0,0,0,0,0,0,0,0,0,0,0
JET WORKING SITE,0,0,0,0,1,0,0,0,0,0,0
JETTON,0,0,0,0,0,0,0,0,0,0,0
JETTY,0,0,0,0,0,0,0,0,0,0,0
JEWEL HOUSE,0,0,0,0,0,0,0,0,0,0,0
JEWELLERY,0,0,0,0,0,0,0,0,0,0,0
JEWISH CEMETERY,0,0,0,0,0,0,0,0,0,0,1
JEWS HARP,0,0,0,0,0,0,0,0,0,0,0
JOB CENTRE,0,0,0,0,0,0,0,0,0,0,1
JOINERS SHOP,0,0,0,0,0,0,0,0,0,0,1
JOINERY WORKS,0,0,0,0,0,0,0,0,0,0,1
JUG,0,0,0,0,0,0,0,0,0,0,0
JUTE MILL,0,0,0,0,0,0,0,0,0,1,1
JUTE WAREHOUSE,0,0,0,0,0,0,0,0,0,1,1
JUTE WORKS,0,0,0,0,0,0,0,0,0,1,1
JUVENILE PRISON,0,0,0,0,0,0,0,0,0,0,1
KALE YARD,0,0,0,0,0,0,0,0,1,1,0
KEB HOUSE,0,0,0,0,0,0,0,0,0,1,0
KEEP,0,0,0,0,0,0,0,1,1,0,0
KEG,0,0,0,0,0,0,0,0,0,0,0
KELP GRID,0,0,0,0,0,0,0,0,1,1,0
KELP KILN,0,0,0,0,0,0,0,0,1,1,0
KELP PIT,0,0,0,0,0,0,0,0,1,1,0
KELP STORE,0,0,0,0,0,0,0,0,1,1,0
KELP WORKING SITE,0,0,0,0,0,0,0,0,1,1,0
KENNELS,0,0,0,0,0,0,0,0,0,1,1
KERB CAIRN,0,0,0,1,0,0,0,0,0,0,0
KETTLE,0,0,0,0,0,0,0,0,0,0,0
KEY,0,0,0,0,0,0,0,0,0,0,0
KILN,0,0,0,0,0,0,0,0,0,0,0
KILN BARN,0,0,0,0,0,0,0,1,1,1,0
KILN FURNITURE,0,0,0,0,0,0,0,0,0,1,1
KINGSHOUSE,0,0,0,0,0,0,0,0,0,0,0
KIOSK,0,0,0,0,0,0,0,0,0,0,1
KIPPERING HOUSE,0,0,0,0,0,0,0,0,0,1,1
KITCHEN,0,0,0,0,0,0,0,0,0,0,0
KITCHEN GARDEN,0,0,0,0,0,0,0,0,0,1,1
KNIFE,0,0,0,0,0,0,0,0,0,0,0
KNITWEAR FACTORY,0,0,0,0,0,0,0,0,0,1,1
KNOCKING STONE,0,0,0,0,0,0,0,0,0,0,0
LABORATORY,0,0,0,0,0,0,0,0,0,0,1
LABOUR EXCHANGE,0,0,0,0,0,0,0,0,0,0,1
LACE FACTORY,0,0,0,0,0,0,0,0,0,1,1
LADE,0,0,0,0,0,0,0,1,1,1,0
LADLE,0,0,0,0,0,0,0,0,0,0,0
LAIRAGE,0,0,0,0,0,0,0,0,0,0,0
LAIRDS HOUSE,0,0,0,0,0,0,0,0,0,1,0
LAKE,0,0,0,0,0,0,0,0,0,0,0
LAMBING PEN,0,0,0,0,0,0,0,0,0,1,1
LAMP,0,0,0,0,0,0,0,0,0,0,0
LAMP FITTING,0,0,0,0,0,0,0,0,0,0,0
LAMP POST,0,0,0,0,0,0,0,0,0,0,1
LANDING POINT,0,0,0,0,0,0,0,0,0,0,0
LANDING STAGE,0,0,0,0,0,0,0,0,0,0,1
LANDSCAPE,0,0,0,0,0,0,0,0,0,0,0
LARDER,0,0,0,0,0,0,0,0,0,1,0
LAST WORKS,0,0,0,0,0,0,0,0,0,1,1
LATHE,0,0,0,0,0,0,0,0,0,0,0
LATRINE,0,0,0,0,0,0,0,0,0,1,1
LAUNDER,0,0,0,0,0,0,0,0,0,1,1
LAUNDRY,0,0,0,0,0,0,0,0,0,1,1
LAW COURT,0,0,0,0,0,0,0,0,0,1,1
LAZY BEDS,0,0,0,0,0,0,0,0,1,1,0
LEACHT,0,0,0,0,0,0,0,0,0,0,0
LEAD MINE,0,0,0,0,0,0,1,1,1,0,0
LEAD SMELTER,0,0,0,0,0,0,0,0,0,1,1
LEAD SMELTING SITE,0,0,0,0,0,0,0,0,0,1,1
LEAD WORKS,0,0,0,0,0,0,0,0,0,1,1
LEAF ARROWHEAD,0,0,0,1,0,0,0,0,0,0,0
LEATHER DRYING SHED,0,0,0,0,0,0,0,0,0,1,1
LEATHER FACTORY,0,0,0,0,0,0,0,0,0,1,1
LECTURE THEATRE,0,0,0,0,0,0,0,0,0,1,1
LEGAL OFFICE,0,0,0,0,0,0,0,0,0,1,1
LEGAL SITE,0,0,0,0,0,0,0,0,0,0,0
LEGIONARY FORTRESS,0,0,0,0,0,1,0,0,0,0,0
LEISTER,0,0,0,0,0,0,0,0,0,0,0
LEISURE CENTRE,0,0,0,0,0,0,0,0,0,0,1
LEMONADE FACTORY,0,0,0,0,0,0,0,0,0,1,1
LEPER COLONY,0,0,0,0,0,0,0,1,1,1,0
LEPER HOSPITAL,0,0,0,0,0,0,0,0,1,1,0
LETTER BOX,0,0,0,0,0,0,0,0,0,0,1
LEVEL CROSSING,0,0,0,0,0,0,0,0,0,0,1
LIBATION CONTAINER,0,0,0,0,0,0,0,0,0,0,0
LIBRARY,0,0,0,0,0,0,0,0,0,1,1
LID,0,0,0,0,0,0,0,0,0,0,0
LIFEBOAT STATION,0,0,0,0,0,0,0,0,0,0,1
LIFT BRIDGE,0,0,0,0,0,0,0,0,0,1,1
LIGHT ENGINEERING WORKS,0,0,0,0,0,0,0,0,0,1,1
LIGHTER,0,0,0,0,0,0,0,0,0,0,0
LIGHTHOUSE,0,0,0,0,0,0,0,0,0,1,1
LIGHTHOUSE CONSTRUCTION YARD,0,0,0,0,0,0,0,0,0,1,0
LIGHTHOUSE KEEPERS HOUSE,0,0,0,0,0,0,0,0,0,1,1
LIGHTHOUSE SHORE STATION,0,0,0,0,0,0,0,0,0,1,1
LIGHTSHIP,0,0,0,0,0,0,0,0,0,0,1
LIME CLAMP,0,0,0,0,0,0,0,0,1,1,1
LIME KILN,0,0,0,0,0,0,0,0,1,1,0
LIME WORKS,0,0,0,0,0,0,0,0,0,1,1
LIMESTONE QUARRY,0,0,0,0,0,0,0,0,0,1,1
LINEAR EARTHWORK,0,0,0,0,0,0,0,0,0,0,0
LINEAR FEATURE,0,0,0,0,0,0,0,0,0,0,0
LINEN MILL,0,0,0,0,0,0,0,0,0,1,1
LINEN OR FLAX MANUFACTURING SITE,0,0,0,0,0,0,0,0,0,1,1
LINEN SMOOTHER,0,0,0,0,0,0,0,0,0,1,1
LINOLEUM FACTORY,0,0,0,0,0,0,0,0,0,1,1
LINTEL,0,0,0,0,0,0,0,0,0,0,0
LIT,0,0,0,0,0,0,0,0,0,0,0
LITHIC,0,0,1,1,0,0,0,0,0,0,0
LITHIC IMPLEMENT,0,0,1,1,0,0,0,0,0,0,0
LITHIC SCATTER,0,0,1,1,0,0,0,0,0,0,0
LITHIC WORKING SITE,0,0,1,1,0,0,0,0,0,0,0
LIVERY STABLE,0,0,0,0,0,0,0,0,0,1,1
LIVESTOCK MARKET,0,0,0,0,0,0,0,0,0,1,1
LOCAL GOVERNMENT OFFICE,0,0,0,0,0,0,0,0,0,0,1
LOCK,0,0,0,0,0,0,0,0,0,0,0
LOCK KEEPERS COTTAGE,0,0,0,0,0,0,0,0,0,1,1
LOCKING MECHANISM,0,0,0,0,0,0,0,0,0,0,0
LODBERRY,0,0,0,0,0,0,0,0,0,0,0
LODGE,0,0,0,0,0,0,0,0,0,1,1
LODGING HOUSE,0,0,0,0,0,0,0,0,0,0,1
LOGBOAT,0,0,0,0,0,1,1,0,0,0,0
LOGGIA,0,0,0,0,0,0,0,0,0,0,0
LONG BARROW,0,0,0,1,0,0,0,0,0,0,0
LONG CAIRN,0,0,0,1,0,0,0,0,0,0,0
LONG CIST,0,0,0,0,1,0,0,0,0,0,0
LONG CIST CEMETERY,0,0,0,0,1,0,0,0,0,0,0
LONG HOUSE,0,0,0,0,0,0,1,0,0,0,0
LOOM,0,0,0,0,0,0,0,0,0,0,0
LOOMWEIGHT,0,0,0,0,0,1,1,0,0,0,0
LOOPHOLED WALL,0,0,0,0,0,0,0,0,0,0,0
LUNULA,0,0,0,0,0,0,0,0,0,0,0
LYCH GATE,0,0,0,0,0,0,0,0,0,0,0
LYNCHET,0,0,0,0,0,0,1,1,0,0,0
MACE,0,0,0,1,0,0,0,0,0,0,0
MACHINE GUN POST,0,0,0,0,0,0,0,0,0,0,1
MACHINE SHOP,0,0,0,0,0,0,0,0,0,1,1
MACHINE TOOL WORKS,0,0,0,0,0,0,0,0,0,1,1
MACHINERY PLINTH,0,0,0,0,0,0,0,0,0,1,1
MAGAZINE,0,0,0,0,0,0,0,0,0,0,1
MAIL ARMOUR,0,0,0,0,0,0,0,1,1,0,0
MAINTENANCE WORKSHOP,0,0,0,0,0,0,0,0,0,1,1
MALLET,0,0,0,0,0,0,0,0,0,0,0
MALT HOUSE,0,0,0,0,0,0,0,0,0,1,1
MALT KILN,0,0,0,0,0,0,0,0,0,1,1
MALTINGS,0,0,0,0,0,0,0,0,0,1,1
MANAGED WOODLAND,0,0,0,0,0,0,0,0,0,0,1
MANAGERS HOUSE,0,0,0,0,0,0,0,0,0,0,1
MANOR,0,0,0,0,0,0,0,0,0,1,1
MANOR HOUSE,0,0,0,0,0,0,0,0,0,1,1
MANSE,0,0,0,0,0,0,0,0,0,1,1
MANUPORT,0,0,0,0,0,0,0,0,0,0,0
MARBLE QUARRY,0,0,0,0,0,0,0,0,0,1,1
MARINA,0,0,0,0,0,0,0,0,0,0,1
MARINE CONSTRUCTION SITE,0,0,0,0,0,0,0,0,0,0,1
MARINE WORKSHOP,0,0,0,0,0,0,0,0,0,0,1
MARITIME CRAFT,0,0,0,0,0,0,0,0,0,0,0
MARITIME OFFICE,0,0,0,0,0,0,0,0,0,0,1
MARKER CAIRN,0,0,0,0,0,0,0,0,0,1,1
MARKER POST,0,0,0,0,0,0,0,0,0,1,1
MARKER STONE,0,0,0,0,0,0,0,0,0,1,1
MARKET,0,0,0,0,0,0,0,0,0,1,1
MARKET CROSS,0,0,0,0,0,0,0,1,1,1,0
MARKET HALL,0,0,0,0,0,0,0,0,0,1,1
MARKET PLACE,0,0,0,0,0,0,0,0,0,1,1
MARKET STANCE,0,0,0,0,0,0,0,0,0,1,1
MARLIN SPIKE,0,0,0,0,0,0,0,0,0,0,0
MARRIAGE STONE,0,0,0,0,0,0,0,0,1,0,0
MARRIED QUARTERS,0,0,0,0,0,0,0,0,0,0,1
MARSHALLING YARD,0,0,0,0,0,0,0,0,0,0,1
MARTELLO TOWER,0,0,0,0,0,0,0,0,0,1,0
MASH HOUSE,0,0,0,0,0,0,0,0,0,1,1
MASHER,0,0,0,0,0,0,0,0,0,0,0
MASONIC HALL,0,0,0,0,0,0,0,0,0,1,1
MASONS MARK,0,0,0,0,0,0,0,0,0,1,1
MATTOCK,0,0,0,0,0,0,0,0,0,0,0
MAUL,0,0,0,1,0,0,0,0,0,0,0
MAUSOLEUM,0,0,0,0,0,0,0,0,0,1,1
MAZE,0,0,0,0,0,0,0,0,0,0,1
MEAL MARKET,0,0,0,0,0,0,0,0,0,1,1
MEASURED MILE MARKER,0,0,0,0,0,0,0,0,0,1,1
MEASURING POND,0,0,0,0,0,0,0,0,0,1,1
MEAT MARKET,0,0,0,0,0,0,0,0,0,1,1
MECHANICS INSTITUTE,0,0,0,0,0,0,0,0,0,1,1
MEDAL,0,0,0,0,0,0,0,0,0,0,0
MEDALLION,0,0,0,0,0,0,0,0,0,0,0
MEETING HALL,0,0,0,0,0,0,0,0,0,1,1
MEETING PLACE,0,0,0,0,0,0,0,0,0,0,0
MELON BEAD,0,0,0,0,1,1,1,0,0,0,0
MERCHANTS HOUSE,0,0,0,0,0,0,0,0,0,1,0
MERIDIAN MARKER,0,0,0,0,0,0,0,0,0,1,0
MESS,0,0,0,0,0,0,0,0,0,0,1
METAL INDUSTRY SITE,0,0,0,0,0,0,0,0,0,1,1
METAL PROCESSING SITE,0,0,0,0,0,0,0,0,0,1,1
METAL SMELTING SITE,0,0,0,0,0,0,0,0,0,1,1
METAL WORKERS WORKSHOP,0,0,0,0,0,0,0,0,0,1,1
METAL WORKING SITE,0,0,0,0,0,0,0,0,0,0,0
METAL WORKS,0,0,0,0,0,0,0,0,0,0,0
MEWS,0,0,0,0,0,0,0,0,0,1,0
MICROELECTRONICS FACTORY,0,0,0,0,0,0,0,0,0,0,1
MICROLITH,0,0,1,0,0,0,0,0,0,0,0
MIDDEN,0,0,0,1,1,1,1,1,0,0,0
MIDGET SUBMARINE,0,0,0,0,0,0,0,0,0,0,1
MILE PLATE,0,0,0,0,0,0,0,0,0,0,1
MILEPOST,0,0,0,0,0,0,0,0,0,0,1
MILESTONE,0,0,0,0,0,0,0,0,0,0,1
MILITARY AIRFIELD,0,0,0,0,0,0,0,0,0,0,1
MILITARY AIRFIELD SITE,0,0,0,0,0,0,0,0,0,0,1
MILITARY BASE,0,0,0,0,0,0,0,0,0,0,1
MILITARY BUILDING,0,0,0,0,0,0,0,0,0,0,1
MILITARY CAMP,0,0,0,0,0,0,0,0,0,0,1
MILITARY DEPOT,0,0,0,0,0,0,0,0,0,0,1
MILITARY HEADQUARTERS,0,0,0,0,0,0,0,0,0,0,1
MILITARY HOUSING,0,0,0,0,0,0,0,0,0,0,1
MILITARY INSTALLATION,0,0,0,0,0,0,0,0,0,0,1
MILITARY OBSERVATION SITE,0,0,0,0,0,0,0,0,0,0,1
MILITARY RESIDENCE,0,0,0,0,0,0,0,0,0,0,1
MILITARY ROAD,0,0,0,0,0,0,0,0,0,0,1
MILITARY SIGNALLING SITE,0,0,0,0,0,0,0,0,0,0,1
MILITARY SUPPORT BUILDING,0,0,0,0,0,0,0,0,0,0,1
MILITARY TRAINING SITE,0,0,0,0,0,0,0,0,0,0,1
MILITARY TRANSPORT SITE,0,0,0,0,0,0,0,0,0,0,1
MILL,0,0,0,0,0,0,0,0,0,1,1
MILL DAM,0,0,0,0,0,0,0,0,0,1,1
MILL HOUSE,0,0,0,0,0,0,0,0,0,1,1
MILL PADDLE,0,0,0,0,0,0,0,0,0,1,1
MILL POND,0,0,0,0,0,0,0,0,0,1,1
MILLSTONE,0,0,0,0,0,0,0,0,0,1,1
MILLSTONE QUARRY,0,0,0,0,0,0,0,0,0,1,1
MINE,0,0,0,0,0,0,0,0,0,1,1
MINE BUILDING,0,0,0,0,0,0,0,0,0,1,1
MINE LIFTING AND WINDING STRUCTURE,0,0,0,0,0,0,0,0,0,1,1
MINE SHAFT,0,0,0,0,0,0,0,0,0,1,1
MINE WORKINGS,0,0,0,0,0,0,0,0,0,1,1
MINEFIELD,0,0,0,0,0,0,0,0,0,0,1
MINERAL PRODUCT SITE,0,0,0,0,0,0,0,0,0,1,1
MINERAL RAILWAY,0,0,0,0,0,0,0,0,0,1,1
MINERS CAMP,0,0,0,0,0,0,0,0,0,1,1
MINERS COTTAGE,0,0,0,0,0,0,0,0,0,1,1
MINERS ROW,0,0,0,0,0,0,0,0,0,1,1
MINERS VILLAGE,0,0,0,0,0,0,0,0,0,1,1
MINIATURE RAILWAY,0,0,0,0,0,0,0,0,0,1,1
MINING INDUSTRY SITE,0,0,0,0,0,0,0,0,0,1,1
MINT,0,0,0,0,0,0,0,0,0,0,0
MIRROR,0,0,0,0,0,0,0,0,0,0,0
MISSION HALL,0,0,0,0,0,0,0,0,0,1,1
MOAT,0,0,0,0,0,0,1,1,0,0,0
MOATED SITE,0,0,0,0,0,0,1,1,0,0,0
MODEL VILLAGE,0,0,0,0,0,0,0,0,0,1,0
MONASTERY,0,0,0,0,0,0,1,1,1,1,0
MONASTIC DWELLING,0,0,0,0,0,0,1,1,1,1,0
MONASTIC PRECINCT,0,0,0,0,0,0,1,1,1,1,0
MONASTIC SETTLEMENT,0,0,0,0,0,0,1,1,1,1,0
MONORAIL,0,0,0,0,0,0,0,0,0,0,1
MOORING STAGE,0,0,0,0,0,0,0,0,0,0,0
MOOT,0,0,0,0,0,0,1,1,0,0,0
MOOT HILL,0,0,0,0,0,0,1,1,0,0,0
MORT HOUSE,0,0,0,0,0,0,0,0,0,1,0
MORT SAFE,0,0,0,0,0,0,0,0,0,1,0
MORTAR,0,0,0,0,0,0,0,0,0,0,0
MORTUARY,0,0,0,0,0,0,0,0,0,1,1
MORTUARY ENCLOSURE,0,0,0,1,0,0,0,0,0,0,0
MOSAIC,0,0,0,0,0,1,0,0,0,0,0
MOSQUE,0,0,0,0,0,0,0,0,0,0,1
MOTEL,0,0,0,0,0,0,0,0,0,0,1
MOTOR VEHICLE SHOWROOM,0,0,0,0,0,0,0,0,0,0,1
MOTORING CALL BOX,0,0,0,0,0,0,0,0,0,0,1
MOTORWAY,0,0,0,0,0,0,0,0,0,0,1
MOTORWAY INTERCHANGE,0,0,0,0,0,0,0,0,0,0,1
MOTTE,0,0,0,0,0,0,1,1,0,0,0
MOTTE AND BAILEY,0,0,0,0,0,0,1,1,0,0,0
MOULD,0,0,0,0,0,0,0,0,0,0,0
MOULDING,0,0,0,0,0,0,0,0,0,0,0
MOULDING EQUIPMENT,0,0,0,0,0,0,0,0,0,1,1
MOUND,0,0,0,1,1,1,1,0,0,0,0
MOUNT,0,0,0,0,0,0,0,0,0,0,0
MOUNTING BLOCK,0,0,0,0,0,0,0,0,0,0,0
MULTI STOREY CAR PARK,0,0,0,0,0,0,0,0,0,0,1
MUNICIPAL BUILDING,0,0,0,0,0,0,0,0,0,0,1
MUNITIONS FACTORY,0,0,0,0,0,0,0,0,0,0,1
MURAL,0,0,0,0,0,0,0,0,0,0,1
MUSEUM,0,0,0,0,0,0,0,0,0,1,1
MUSIC HALL,0,0,0,0,0,0,0,0,0,1,1
MUSICAL INSTRUMENT,0,0,0,0,0,0,0,0,0,0,0
MUSKET BALL,0,0,0,0,0,0,0,0,1,0,0
NAAFI BUILDING,0,0,0,0,0,0,0,0,0,0,1
NAIL,0,0,0,0,0,0,0,0,0,0,0
NATURAL FEATURE,0,0,0,0,0,0,0,0,0,0,0
NATURAL GAS STRUCTURE,0,0,0,0,0,0,0,0,0,0,0
NAUST,0,0,0,0,0,0,1,1,1,1,0
NAVAL DOCKYARD,0,0,0,0,0,0,0,0,0,0,1
NAVAL ESTABLISHMENT,0,0,0,0,0,0,0,0,0,0,1
NAVAL RESERVE TRAINING CENTRE,0,0,0,0,0,0,0,0,0,0,0
NAVAL SIGNAL STATION,0,0,0,0,0,0,0,0,0,0,1
NAVE,0,0,0,0,0,0,1,1,1,0,0
NAVIGATION AID,0,0,0,0,0,0,0,0,0,1,1
NECKLACE,0,0,0,0,0,0,0,0,0,0,0
NEEDLE,0,0,0,0,0,0,0,0,0,0,0
NET WORKS,0,0,0,0,0,0,0,0,0,0,0
NETHOUSE,0,0,0,0,0,0,0,0,0,1,1
NEWSAGENTS,0,0,0,0,0,0,0,0,0,0,1
NICKEL MINE,0,0,0,0,0,0,0,0,0,1,1
NIGHTCLUB,0,0,0,0,0,0,0,0,0,0,1
NISSEN HUT,0,0,0,0,0,0,0,0,0,0,1
NITROCELLULOSE FACTORY,0,0,0,0,0,0,0,0,0,1,1
NITROGLYCERINE HILL,0,0,0,0,0,0,0,0,0,1,1
NITROGLYCERINE WORKS,0,0,0,0,0,0,0,0,0,1,1
NO CLASS,0,0,0,0,0,0,0,0,0,0,0
NON ANTIQUITY,0,0,0,0,0,0,0,0,0,0,0
NONCONFORMIST MEETING HOUSE,0,0,0,0,0,0,0,0,0,1,0
NUCLEAR BUNKER,0,0,0,0,0,0,0,0,0,0,1
NUNNERY,0,0,0,0,0,0,0,1,1,0,0
NURSERY,0,0,0,0,0,0,0,0,0,0,1
NURSERY GARDEN,0,0,0,0,0,0,0,0,0,0,1
NURSERY SCHOOL,0,0,0,0,0,0,0,0,0,0,1
NURSES HOME,0,0,0,0,0,0,0,0,0,0,1
NURSING HOME,0,0,0,0,0,0,0,0,0,0,1
NYLON WORKS,0,0,0,0,0,0,0,0,0,0,1
OAR,0,0,0,0,0,0,0,0,0,0,0
OBELISK,0,0,0,0,0,0,0,0,0,0,0
OBSERVATION POST,0,0,0,0,0,0,0,0,0,0,1
OBSERVATORY,0,0,0,0,0,0,0,0,0,1,1
OBSTRUCTION,0,0,0,0,0,0,0,0,0,1,1
OCCUPATION SITE,0,0,0,0,0,0,0,0,0,0,0
OCHRE MINE,0,0,0,0,0,0,0,0,0,0,0
OCULISTS STAMP,0,0,0,0,0,0,0,0,0,0,1
OFF LICENCE,0,0,0,0,0,0,0,0,0,0,1
OFFERTORY HOUSE,0,0,0,0,0,0,0,0,0,0,0
OFFICE,0,0,0,0,0,0,0,0,0,1,1
OFFICERS QUARTERS,0,0,0,0,0,0,0,0,0,1,0
OGHAM INSCRIBED ROCK,0,0,0,0,0,0,1,0,0,0,0
OGHAM INSCRIBED STONE,0,0,0,0,0,0,1,0,0,0,0
OHEL,0,0,0,0,0,0,0,0,0,0,0
OIL DRILLING PLATFORM,0,0,0,0,0,0,0,0,0,0,1
OIL MILL,0,0,0,0,0,0,0,0,0,1,1
OIL PIPELINE TERMINAL,0,0,0,0,0,0,0,0,0,0,1
OIL REFINERY,0,0,0,0,0,0,0,0,0,0,1
OIL RIG CONSTRUCTION YARD,0,0,0,0,0,0,0,0,0,0,1
OIL STORAGE DEPOT,0,0,0,0,0,0,0,0,0,0,1
OIL STORAGE TANK,0,0,0,0,0,0,0,0,0,0,1
OIL WORKS,0,0,0,0,0,0,0,0,0,0,1
OPEN CAST MINE,0,0,0,0,0,0,0,0,0,1,1
OPENCUT,0,0,0,0,0,0,0,0,0,1,1
OPERATIONS BLOCK,0,0,0,0,0,0,0,0,0,0,1
ORANGERY,0,0,0,0,0,0,0,0,0,1,1
ORCHARD,0,0,0,0,0,0,0,0,0,1,1
ORDNANCE FACTORY,0,0,0,0,0,0,0,0,0,0,1
ORDNANCE SURVEY CONTROL,0,0,0,0,0,0,0,0,0,1,0
ORE BIN,0,0,0,0,0,0,0,0,0,1,1
ORGAN,0,0,0,0,0,0,0,0,0,0,0
ORGANIC MATERIAL,0,0,0,0,0,0,0,0,0,0,0
ORNAMENTAL BRIDGE,0,0,0,0,0,0,0,0,0,1,1
ORNAMENTAL LAKE,0,0,0,0,0,0,0,0,0,1,1
ORNAMENTAL PLASTERERS WORKSHOP,0,0,0,0,0,0,0,0,0,1,1
ORNAMENTAL POND,0,0,0,0,0,0,0,0,0,1,1
ORNAMENTAL WELL,0,0,0,0,0,0,0,0,0,1,1
OROPESA FLOAT,0,0,0,0,0,0,0,0,0,0,1
ORPHANAGE,0,0,0,0,0,0,0,0,0,1,1
OTTER TRAP,0,0,0,0,0,0,0,0,0,1,0
OUTBUILDING,0,0,0,0,0,0,0,0,0,0,0
OUTDOOR ACTIVITY CENTRE,0,0,0,0,0,0,0,0,0,0,1
OUTFALL SEWER,0,0,0,0,0,0,0,0,0,0,1
OUTLET VALVE,0,0,0,0,0,0,0,0,0,0,1
OUTWORKS,0,0,0,0,0,0,0,0,0,0,0
OVEN,0,0,0,0,0,0,0,0,0,0,0
PADDLE,0,0,0,0,0,0,0,0,0,0,0
PADDLE STEAMER,0,0,0,0,0,0,0,0,0,0,1
PADLOCK,0,0,0,0,0,0,0,0,0,0,0
PAGODA,0,0,0,0,0,0,0,0,0,0,0
PAINT FACTORY,0,0,0,0,0,0,0,0,0,1,1
PALACE,0,0,0,0,0,0,0,1,1,1,1
PALAEOCHANNEL,1,0,0,0,0,0,0,0,0,0,0
PALISADE,0,0,0,0,0,1,1,0,0,0,0
PALISADED ENCLOSURE,0,0,0,0,0,1,1,0,0,0,0
PALISADED SETTLEMENT,0,0,0,0,0,1,1,0,0,0,0
PALM HOUSE,0,0,0,0,0,0,0,0,0,1,1
PALSTAVE,0,0,0,0,1,0,0,0,0,0,0
PANEL,0,0,0,0,0,0,0,0,0,0,0
PAPER INDUSTRY SITE,0,0,0,0,0,0,0,0,0,1,1
PAPER MILL,0,0,0,0,0,0,0,0,0,1,1
PARACHUTE PACKING BUILDING,0,0,0,0,0,0,0,0,0,0,1
PARADE GROUND,0,0,0,0,0,0,0,0,0,1,1
PARAFFIN WORKS,0,0,0,0,0,0,0,0,0,0,1
PARISH CHURCH,0,0,0,0,0,0,0,0,0,1,1
PARK,0,0,0,0,0,0,0,0,0,1,1
PARK PALE,0,0,0,0,0,0,0,0,1,1,0
PARK WALL,0,0,0,0,0,0,0,0,0,1,0
PARLIAMENT HOUSE,0,0,0,0,0,0,0,0,0,1,1
PATERA,0,0,0,0,0,0,0,0,0,0,0
PATH,0,0,0,0,0,0,0,0,0,0,0
PATTERN STORE,0,0,0,0,0,0,0,0,0,1,1
PAVEMENT WORKS,0,0,0,0,0,0,0,0,0,1,1
PAVILION,0,0,0,0,0,0,0,0,0,1,1
PAVING,0,0,0,0,0,0,0,0,0,0,0
PEACE CAMP,0,0,0,0,0,0,0,0,0,0,1
PEAT CUTTING,0,0,0,0,0,0,0,0,0,1,1
PEAT ROAD,0,0,0,0,0,0,0,0,0,1,1
PEAT STAND,0,0,0,0,0,0,0,0,0,1,1
PEAT STORE,0,0,0,0,0,0,0,0,0,1,1
PEAT WORKINGS,0,0,0,0,0,0,0,0,0,1,1
PEAT WORKS,0,0,0,0,0,0,0,0,0,0,0
PEDESTAL,0,0,0,0,0,0,0,0,0,0,0
PEDESTRIAN TRANSPORT SITE,0,0,0,0,0,0,0,0,0,0,1
PEDIMENT,0,0,0,0,0,0,0,0,0,0,0
PEG,0,0,0,0,0,0,0,0,0,0,0
PELE HOUSE,0,0,0,0,0,0,0,1,1,0,0
PEN,0,0,0,0,0,0,0,0,0,0,0
PENANNULAR BROOCH,0,0,0,0,0,1,1,0,0,0,0
PEND,0,0,0,0,0,0,0,0,0,0,0
PENDANT,0,0,0,0,0,0,0,0,0,0,0
PENDICLE,0,0,0,0,0,0,0,0,0,0,0
PENSTOCKS,0,0,0,0,0,0,0,0,0,0,0
PERFORATED OBJECT,0,0,0,0,0,0,0,0,0,0,0
PERGOLA,0,0,0,0,0,0,0,0,0,0,0
PERSONAL ACCESSORY,0,0,0,0,0,0,0,0,0,0,0
PESTLE,0,0,0,0,0,0,0,0,0,0,0
PETROCHEMICAL COMPLEX,0,0,0,0,0,0,0,0,0,0,1
PETROL PUMP,0,0,0,0,0,0,0,0,0,0,1
PETROL STATION,0,0,0,0,0,0,0,0,0,0,1
PHARMACEUTICAL WORKS,0,0,0,0,0,0,0,0,0,0,1
PHARMACY,0,0,0,0,0,0,0,0,0,0,1
PHEASANTRY,0,0,0,0,0,0,0,0,0,0,1
PHOTOGRAPHIC STUDIO,0,0,0,0,0,0,0,0,0,0,1
PICK,0,0,0,0,0,0,0,0,0,0,0
PICTISH SYMBOL ROCK CARVING,0,0,0,0,0,0,0,0,0,0,0
PICTISH SYMBOL STONE,0,0,0,0,0,0,1,0,0,0,0
PIECE,0,0,0,0,0,0,0,0,0,0,0
PIER,0,0,0,0,0,0,0,0,0,0,0
PIERCING EQUIPMENT,0,0,0,0,0,0,0,0,0,0,0
PIGGERY,0,0,0,0,0,0,0,0,0,0,1
PIGSTY,0,0,0,0,0,0,0,0,0,0,1
PIKE,0,0,0,0,0,0,0,0,0,0,0
PILE,0,0,0,0,0,0,0,0,0,0,0
PILE CONSTRUCTION YARD,0,0,0,0,0,0,0,0,0,0,1
PILGRIM BADGE,0,0,0,0,0,0,1,1,0,0,0
PILLAR,0,0,0,0,0,0,0,0,0,0,0
PILLBOX,0,0,0,0,0,0,0,0,0,0,1
PILLORY,0,0,0,0,0,0,0,0,0,0,0
PILLOW MOUND,0,0,0,0,0,0,0,0,1,1,0
PILOT OFFICE,0,0,0,0,0,0,0,0,0,0,1
PIN,0,0,0,0,0,0,0,0,0,0,0
PIPE,0,0,0,0,0,0,0,0,0,0,0
PIPE BRIDGE,0,0,0,0,0,0,0,0,0,0,1
PIPELINE,0,0,0,0,0,0,0,0,0,0,1
PISTOL,0,0,0,0,0,0,0,0,0,0,0
PIT,0,0,0,0,0,0,0,0,0,0,0
PIT ALIGNMENT,0,0,0,1,1,0,0,0,0,0,0
PIT CIRCLE,0,0,0,1,1,0,0,0,0,0,0
PIT DEFINED AVENUE,0,0,0,1,0,0,0,0,0,0,0
PIT DEFINED CURSUS,0,0,0,1,0,0,0,0,0,0,0
PIT ENCLOSURE,0,0,0,1,0,0,0,0,0,0,0
PIT FALL,0,0,0,0,0,0,0,0,0,0,0
PIT GROUP,0,0,0,0,0,0,0,0,0,0,0
PIT SETTING,0,0,0,1,0,0,0,0,0,0,0
PITCARMICK BUILDING,0,0,0,0,0,0,1,0,0,0,0
PITCHER,0,0,0,0,0,0,0,0,0,0,0
PITCHSTONE SCATTER,0,0,0,1,0,0,0,0,0,0,0
PITHEAD BATHS,0,0,0,0,0,0,0,0,0,1,0
PLACE OF WORSHIP,0,0,0,0,0,0,0,0,0,0,0
PLAGUE BURIAL,0,0,0,0,0,0,0,1,0,0,0
PLANK,0,0,0,0,0,0,0,0,0,0,0
PLANT REMAINS,0,0,0,0,0,0,0,0,0,0,0
PLANTATION,0,0,0,0,0,0,0,0,0,0,1
PLANTATION BANK,0,0,0,0,0,0,0,0,0,1,1
PLANTATION DYKE,0,0,0,0,0,0,0,0,0,1,1
PLANTICRUB,0,0,0,0,0,0,0,0,0,1,1
PLAQUE,0,0,0,0,0,0,0,0,0,0,0
PLATE,0,0,0,0,0,0,0,0,0,0,0
PLATFORM,0,0,0,0,0,0,0,0,0,0,0
PLATFORM BUILDING,0,0,0,1,1,1,1,0,0,0,0
PLATFORM FABRICATION YARD,0,0,0,0,0,0,0,0,0,0,1
PLEASURE PIER,0,0,0,0,0,0,0,0,0,1,1
PLOUGH,0,0,0,0,0,0,0,0,0,0,0
PLOUGH MARKS,0,0,0,0,0,0,0,0,0,0,0
PLOUGH PEBBLE,0,0,0,0,0,0,0,0,0,0,0
PLUMB BOB,0,0,0,0,0,0,0,0,0,0,0
POINT,0,0,0,0,0,0,0,0,0,0,0
POINT BLOCK,0,0,0,0,0,0,0,0,0,0,0
POLICE CALL BOX,0,0,0,0,0,0,0,0,0,0,1
POLICE HOUSE,0,0,0,0,0,0,0,0,0,0,1
POLICE STATION,0,0,0,0,0,0,0,0,0,0,1
POLICIES,0,0,0,0,0,0,0,1,1,1,0
POLISHED AXEHEAD,0,0,0,1,0,0,0,0,0,0,0
POLISHED KNIFE,0,0,0,1,0,0,0,0,0,0,0
POLISHER,0,0,0,1,0,0,0,0,0,0,0
POLO FIELD,0,0,0,0,0,0,0,0,0,0,1
POND,0,0,0,0,0,0,0,0,0,1,1
PONTOON,0,0,0,0,0,0,0,0,0,0,1
PONY PUND,0,0,0,0,0,0,0,0,0,0,1
POOL,0,0,0,0,0,0,0,0,0,0,1
POOR HOUSE,0,0,0,0,0,0,0,0,0,1,0
PORCH,0,0,0,0,0,0,0,0,0,0,0
PORT,0,0,0,0,0,0,0,0,0,1,1
PORT AUTHORITY OFFICE,0,0,0,0,0,0,0,0,0,1,1
PORTICO,0,0,0,0,0,0,0,0,0,0,0
PORTRAIT MINIATURE,0,0,0,0,0,0,0,0,0,0,0
POST,0,0,0,0,0,0,0,0,0,0,0
POST BOX,0,0,0,0,0,0,0,0,0,0,1
POST HOLE,0,0,0,1,1,1,1,0,0,0,0
POST INDUSTRIAL LANDSCAPE,0,0,0,0,0,0,0,0,0,1,0
POST MILL,0,0,0,0,0,0,0,0,0,1,1
POST OFFICE,0,0,0,0,0,0,0,0,0,0,1
POSTAL SYSTEM STRUCTURE,0,0,0,0,0,0,0,0,0,0,1
POT,0,0,0,0,0,0,0,0,0,0,0
POT BOILER,0,0,0,1,1,1,1,0,0,0,0
POTATO PIT,0,0,0,0,0,0,0,0,0,1,1
POTTERY KILN,0,0,0,0,0,0,0,0,0,0,0
POTTERY MANUFACTURING SITE,0,0,0,0,0,0,0,0,0,1,1
POTTERY SCATTER,0,0,0,1,1,1,1,0,0,0,0
POTTERY WORKS,0,0,0,0,0,0,0,0,0,1,1
POTTING SHED,0,0,0,0,0,0,0,0,0,1,1
POULTRY HOUSE,0,0,0,0,0,0,0,0,0,0,1
POUND,0,0,0,0,0,0,0,0,0,0,0
POUNDER,0,0,0,1,0,0,0,0,0,0,0
POWDER,0,0,0,0,0,0,0,0,0,1,1
POWDER BELT,0,0,0,0,0,0,0,0,0,1,1
POWDER MAGAZINE,0,0,0,0,0,0,0,0,0,1,1
POWDER MEASURE,0,0,0,0,0,0,0,0,0,1,1
POWER GENERATION SITE,0,0,0,0,0,0,0,0,0,0,1
POWER LOOM FACTORY,0,0,0,0,0,0,0,0,0,0,1
POWER STATION,0,0,0,0,0,0,0,0,0,0,1
PRACTICE BATTERY,0,0,0,0,0,0,0,0,0,0,1
PRAYER RING,0,0,0,0,0,0,0,0,0,0,0
PREACHING SITE,0,0,0,0,0,0,0,0,0,1,0
PRECEPTORY,0,0,0,0,0,0,0,0,0,1,1
PREFABRICATED BUILDING,0,0,0,0,0,0,0,0,0,0,1
PREFABRICATED HOUSE,0,0,0,0,0,0,0,0,0,0,1
PRESBYTERY,0,0,0,0,0,0,0,0,0,1,0
PRESERVE WORKS,0,0,0,0,0,0,0,0,0,0,1
PRINTING AND PUBLISHING SITE,0,0,0,0,0,0,0,0,0,0,1
PRINTING WORKS,0,0,0,0,0,0,0,0,0,0,1
PRIORY,0,0,0,0,0,0,0,1,1,1,0
PRISON,0,0,0,0,0,0,0,0,0,1,1
PRISONER OF WAR CAMP,0,0,0,0,0,0,0,0,0,0,1
PRIVATE CHAPEL,0,0,0,0,0,0,0,0,0,1,1
PROJECTILE,0,0,0,0,0,0,0,0,0,0,0
PROMENADE,0,0,0,0,0,0,0,0,0,1,1
PROMONTORY FORT,0,0,0,0,1,1,1,0,0,0,0
PROSPECT MOUND,0,0,0,0,0,0,0,0,0,1,0
PSYCHIATRIC HOSPITAL,0,0,0,0,0,0,0,0,0,0,1
PUBLIC BUILDING,0,0,0,0,0,0,0,0,0,0,1
PUBLIC CONVENIENCE,0,0,0,0,0,0,0,0,0,0,1
PUBLIC HALL,0,0,0,0,0,0,0,0,0,1,1
PUBLIC HOUSE,0,0,0,0,0,0,0,0,0,1,1
PUBLIC PARK,0,0,0,0,0,0,0,0,0,1,1
PUMP,0,0,0,0,0,0,0,0,0,0,1
PUMP HOUSE,0,0,0,0,0,0,0,0,0,0,1
PUMP ROOM,0,0,0,0,0,0,0,0,0,0,1
PUMPING STATION,0,0,0,0,0,0,0,0,0,0,1
PUMPING WINDMILL,0,0,0,0,0,0,0,0,0,1,1
PUTTING GREEN,0,0,0,0,0,0,0,0,0,0,1
PYGMY CUP,0,0,0,0,1,0,0,0,0,0,0
PYROLIGNEOUS ACID WORKS,0,0,0,0,0,0,0,0,0,0,1
QUADRANT TOWER,0,0,0,0,0,0,0,0,0,0,0
QUARRY,0,0,0,0,0,0,0,0,0,0,0
QUARRY PIT,0,0,0,0,0,0,0,0,0,0,0
QUARRY SCOOP,0,0,0,0,0,0,0,0,0,0,0
QUARTZ SCATTER,0,0,0,0,0,0,0,0,0,0,0
QUAY,0,0,0,0,0,0,0,0,0,0,0
QUAY CRANE,0,0,0,0,0,0,0,0,0,0,0
QUERN,0,0,0,0,0,0,0,0,0,0,0
QUERN QUARRY,0,0,0,0,0,0,0,0,0,0,0
RABBIT WARREN,0,0,0,0,0,0,0,0,0,1,1
RACECOURSE,0,0,0,0,0,0,0,0,0,0,1
RACING CIRCUIT,0,0,0,0,0,0,0,0,0,0,1
RACQUETS COURT,0,0,0,0,0,0,0,0,0,0,1
RADAR MAST,0,0,0,0,0,0,0,0,0,0,1
RADAR SITE,0,0,0,0,0,0,0,0,0,0,1
RADAR STATION,0,0,0,0,0,0,0,0,0,0,1
RADIO BROADCASTING STUDIO,0,0,0,0,0,0,0,0,0,0,1
RADIO MAST,0,0,0,0,0,0,0,0,0,0,1
RADIO STATION,0,0,0,0,0,0,0,0,0,0,1
RAG WELL,0,0,0,0,0,0,0,0,0,0,0
RAILBLOCK,0,0,0,0,0,0,0,0,0,0,1
RAILINGS,0,0,0,0,0,0,0,0,0,0,0
RAILWAY,0,0,0,0,0,0,0,0,0,1,1
RAILWAY BRIDGE,0,0,0,0,0,0,0,0,0,1,1
RAILWAY CARRIAGE,0,0,0,0,0,0,0,0,0,1,1
RAILWAY COTTAGE,0,0,0,0,0,0,0,0,0,1,1
RAILWAY CUTTING,0,0,0,0,0,0,0,0,0,1,1
RAILWAY DEPOT,0,0,0,0,0,0,0,0,0,1,1
RAILWAY EMBANKMENT,0,0,0,0,0,0,0,0,0,1,1
RAILWAY ENGINEERING WORKS,0,0,0,0,0,0,0,0,0,1,1
RAILWAY HALT,0,0,0,0,0,0,0,0,0,1,1
RAILWAY JUNCTION,0,0,0,0,0,0,0,0,0,1,1
RAILWAY OFFICE,0,0,0,0,0,0,0,0,0,1,1
RAILWAY PLATFORM,0,0,0,0,0,0,0,0,0,1,1
RAILWAY SIDING,0,0,0,0,0,0,0,0,0,1,1
RAILWAY STATION,0,0,0,0,0,0,0,0,0,1,1
RAILWAY TUNNEL,0,0,0,0,0,0,0,0,0,1,1
RAILWAY TURNTABLE,0,0,0,0,0,0,0,0,0,1,1
RAILWAY VIADUCT,0,0,0,0,0,0,0,0,0,1,1
RAILWAY WORKS,0,0,0,0,0,0,0,0,0,1,1
RAILWAY YARD,0,0,0,0,0,0,0,0,0,1,1
RAMP,0,0,0,0,0,0,0,0,0,0,0
RAMPART,0,0,0,0,1,1,1,0,0,0,0
RAPIER,0,0,0,0,0,0,0,0,0,0,0
RAZOR,0,0,0,0,1,0,0,0,0,0,0
READING ROOM,0,0,0,0,0,0,0,0,0,1,1
REAL TENNIS COURT,0,0,0,0,0,0,0,1,1,0,0
RECORDING STUDIO,0,0,0,0,0,0,0,0,0,0,1
RECREATION GROUND,0,0,0,0,0,0,0,0,0,0,1
RECREATIONAL,0,0,0,0,0,0,0,0,0,0,0
RECTILINEAR ENCLOSURE,0,0,0,0,0,1,1,0,0,0,0
RECTORY,0,0,0,0,0,0,0,0,0,0,0
RECUMBENT STONE CIRCLE,0,0,0,1,0,0,0,0,0,0,0
REDOUBT,0,0,0,0,0,0,0,0,0,0,0
REED BED,0,0,0,0,0,0,0,0,0,0,0
REFECTORY,0,0,0,0,0,0,0,0,0,0,0
REFRACTORY WORKS,0,0,0,0,0,0,0,0,0,1,1
REFUSE DESTRUCTOR,0,0,0,0,0,0,0,0,0,0,1
REFUSE DISPOSAL SITE,0,0,0,0,0,0,0,0,0,0,1
REGISTER OFFICE,0,0,0,0,0,0,0,0,0,0,1
RELIGIOUS HOUSE,0,0,0,0,0,0,0,0,0,0,1
RELIQUARY,0,0,0,0,0,0,1,1,0,0,0
RESERVOIR,0,0,0,0,0,0,0,0,0,1,1
RESIDENTIAL BUILDING,0,0,0,0,0,0,0,0,0,0,1
RESTAURANT,0,0,0,0,0,0,0,0,0,0,1
RETAIL PARK,0,0,0,0,0,0,0,0,0,0,1
RETIREMENT HOME,0,0,0,0,0,0,0,0,0,0,1
RETORT HOUSE,0,0,0,0,0,0,0,0,0,0,1
RETTING POND,0,0,0,0,0,0,0,0,0,1,1
REVETMENT,0,0,0,0,0,0,0,0,0,0,0
RICE MILL,0,0,0,0,0,0,0,0,0,0,0
RIDING SCHOOL,0,0,0,0,0,0,0,0,0,0,1
RIG AND FURROW,0,0,0,0,0,0,0,1,1,0,0
RIGGING WORKS,0,0,0,0,0,0,0,0,0,1,1
RIM SHERD,0,0,0,0,0,0,0,0,0,0,0
RING,0,0,0,0,0,0,0,0,0,0,0
RING BANK,0,0,0,1,0,0,0,0,0,0,0
RING CAIRN,0,0,0,1,0,0,0,0,0,0,0
RING DITCH,0,0,0,0,1,1,1,0,0,0,0
RING DITCH HOUSE,0,0,0,0,1,1,1,0,0,0,0
RING ENCLOSURE,0,0,0,0,1,1,1,0,0,0,0
RING GROOVE HOUSE,0,0,0,0,1,1,1,0,0,0,0
RING MARKED STONE,0,0,0,0,0,0,0,0,0,0,0
RING MONEY,0,0,0,0,0,0,0,0,0,0,0
RINGWORK,0,0,0,0,0,0,0,0,0,0,0
RITUAL BUILDING,0,0,0,1,0,0,0,0,0,0,0
RITUAL ENCLOSURE,0,0,0,0,0,0,0,0,0,0,0
RITUAL PIT,0,0,0,0,0,0,0,0,0,0,0
RITUAL SITE,0,0,0,0,0,0,0,0,0,0,0
RIVER,0,0,0,0,0,0,0,0,0,0,0
RIVER DEFENCES,0,0,0,0,0,0,0,0,0,0,1
RIVER LEVEL MONITORING STATION,0,0,0,0,0,0,0,0,0,0,1
RIVET,0,0,0,0,0,0,0,0,0,0,0
RIVET WORKS,0,0,0,0,0,0,0,0,0,1,1
ROAD,0,0,0,0,0,0,0,0,0,0,0
ROAD BLOCK,0,0,0,0,0,0,0,0,0,0,1
ROAD BRIDGE,0,0,0,0,0,0,0,0,0,0,1
ROAD JUNCTION,0,0,0,0,0,0,0,0,0,0,1
ROAD ROLLER,0,0,0,0,0,0,0,0,0,0,1
ROAD TRANSPORT SITE,0,0,0,0,0,0,0,0,0,0,1
ROAD TUNNEL,0,0,0,0,0,0,0,0,0,0,1
ROADHOUSE,0,0,0,0,0,0,0,0,0,0,1
ROCK CARVING,0,0,0,1,0,0,0,0,0,0,0
ROCK CRUSHER,0,0,0,0,0,0,0,0,0,0,1
ROCK CUT BOWL,0,0,0,0,0,0,0,0,0,0,0
ROCK CUT SEAT,0,0,0,0,0,0,0,0,0,0,0
ROCK SHELTER,0,1,1,0,0,0,0,0,0,0,0
ROCKERY,0,0,0,0,0,0,0,0,0,0,1
ROCKET HOUSE,0,0,0,0,0,0,0,0,0,0,1
ROCKET PROJECTOR BATTERY,0,0,0,0,0,0,0,0,0,0,1
ROCKET STAFF,0,0,0,0,0,0,0,0,0,0,1
ROCKING STONE,0,0,0,0,0,0,0,0,0,0,0
ROMAN FORT,0,0,0,0,0,1,0,0,0,0,0
ROMAN ROAD,0,0,0,0,0,1,0,0,0,0,0
ROPE WORKS,0,0,0,0,0,0,0,0,0,1,1
ROPEWALK,0,0,0,0,0,0,0,0,0,1,1
ROTARY QUERN,0,0,0,0,0,1,1,1,1,0,0
ROTUNDA,0,0,0,0,0,0,0,0,0,1,1
ROUND BARROW,0,0,0,1,0,0,0,0,0,0,0
ROUND ENDED BUILDING,0,0,0,0,0,0,1,0,0,0,0
ROUND TOWER,0,0,0,0,0,0,1,0,0,0,0
ROUNDABOUT,0,0,0,0,0,0,0,0,0,0,1
ROUNDHOUSE,0,0,0,1,1,1,1,0,0,0,0
ROVING BRIDGE,0,0,0,0,0,0,0,0,0,0,1
ROYAL FOREST,0,0,0,0,0,0,0,1,1,0,0
ROYAL PALACE,0,0,0,0,0,0,0,1,1,1,1
RUBBER WORKS,0,0,0,0,0,0,0,0,0,1,1
RUBBING STONE,0,0,0,0,0,0,0,0,0,0,0
RUBBISH PIT,0,0,0,0,0,0,0,0,0,0,0
RUNE INSCRIBED ROCK,0,0,0,0,0,0,1,0,0,0,0
RUNE INSCRIBED STONE,0,0,0,0,0,0,1,0,0,0,0
RUNWAY,0,0,0,0,0,0,0,0,0,0,1
SACK FACTORY,0,0,0,0,0,0,0,0,0,1,1
SADDLE,0,0,0,0,0,0,0,0,0,0,0
SADDLE QUERN,0,0,0,1,1,0,0,0,0,0,0
SAFARI PARK,0,0,0,0,0,0,0,0,0,0,1
SAIL LOFT,0,0,0,0,0,0,0,0,0,1,1
SAILCLOTH FACTORY,0,0,0,0,0,0,0,0,0,1,1
SALLYPORT,0,0,0,0,0,0,0,1,0,0,0
SALT STORE,0,0,0,0,0,0,0,0,0,1,1
SALT WORKS,0,0,0,0,0,0,0,0,0,1,1
SALVATION ARMY HALL,0,0,0,0,0,0,0,0,0,0,1
SAMIAN,0,0,0,0,0,1,0,0,0,0,0
SANATORIUM,0,0,0,0,0,0,0,0,0,1,0
SANCTUARY,0,0,0,0,0,0,0,0,0,1,0
SANCTUARY MARKER,0,0,0,0,0,0,0,0,0,1,0
SAND AND GRAVEL EXTRACTION SITE,0,0,0,0,0,0,0,0,0,1,1
SAND AND GRAVEL WORKINGS,0,0,0,0,0,0,0,0,0,1,1
SAND PIT,0,0,0,0,0,0,0,0,0,1,1
SANDAL,0,0,0,0,0,0,0,0,0,1,0
SANDSTONE QUARRY,0,0,0,0,0,0,0,0,0,1,1
SARCOPHAGUS,0,0,0,0,0,0,0,0,0,0,0
SAUSAGE FACTORY,0,0,0,0,0,0,0,0,0,1,1
SAW,0,0,0,0,0,0,0,0,0,0,0
SAW MILL,0,0,0,0,0,0,0,0,0,1,1
SAW PIT,0,0,0,0,0,0,0,0,0,1,1
SCABBARD,0,0,0,0,0,0,0,0,0,0,0
SCHIST QUARRY,0,0,0,0,0,0,0,0,0,1,1
SCHOOL,0,0,0,0,0,0,0,0,0,1,1
SCHOOLHOUSE,0,0,0,0,0,0,0,0,0,1,1
SCHOOLROOM,0,0,0,0,0,0,0,0,0,1,1
SCIENTIFIC RESEARCH ESTABLISHMENT,0,0,0,0,0,0,0,0,0,0,1
SCOOP,0,0,0,0,0,0,0,0,0,0,0
SCOOPED SETTLEMENT,0,0,0,0,0,1,1,0,0,0,0
SCOW,0,0,0,0,0,0,0,0,0,0,0
SCRAP YARD,0,0,0,0,0,0,0,0,0,0,1
SCRAPER,0,0,0,1,0,0,0,0,0,0,0
SCULPTURE,0,0,0,0,0,0,0,0,0,0,0
SCULPTURE GARDEN,0,0,0,0,0,0,0,0,0,0,1
SEA DEFENCES,0,0,0,0,0,0,0,0,0,0,1
SEA TERMINAL,0,0,0,0,0,0,0,0,0,0,1
SEAL,0,0,0,0,0,0,0,0,0,0,0
SEAL MATRIX,0,0,0,0,0,0,0,0,0,0,0
SEAPLANE,0,0,0,0,0,0,0,0,0,0,1
SEAPLANE BASE,0,0,0,0,0,0,0,0,0,0,1
SEARCHLIGHT BATTERY,0,0,0,0,0,0,0,0,0,0,1
SEARCHLIGHT EMPLACEMENT,0,0,0,0,0,0,0,0,0,0,1
SEARCHLIGHT PLATFORM,0,0,0,0,0,0,0,0,0,0,1
SEAT,0,0,0,0,0,0,0,0,0,0,0
SEMAPHORE STATION,0,0,0,0,0,0,0,0,0,1,0
SEMI DETACHED HOUSE,0,0,0,0,0,0,0,0,0,0,1
SENTRY POST,0,0,0,0,0,0,0,0,0,0,1
SERVICE STATION,0,0,0,0,0,0,0,0,0,0,1
SESSION HOUSE,0,0,0,0,0,0,0,0,0,1,0
SETTLEMENT,0,0,0,0,0,0,0,0,0,0,0
SETTLING POND,0,0,0,0,0,0,0,0,0,0,1
SETTLING TANK,0,0,0,0,0,0,0,0,0,0,1
SEWAGE WORKS,0,0,0,0,0,0,0,0,0,0,1
SEWER,0,0,0,0,0,0,0,0,0,1,1
SEWING MACHINE FACTORY,0,0,0,0,0,0,0,0,0,1,1
SHAFT,0,0,0,0,0,0,0,0,0,0,0
SHALE BING,0,0,0,0,0,0,0,0,0,1,0
SHALE OIL MINE,0,0,0,0,0,0,0,0,0,1,0
SHALE OIL WORKS,0,0,0,0,0,0,0,0,0,1,0
SHARPENING EQUIPMENT,0,0,0,0,0,0,0,0,0,0,0
SHEARING MACHINE,0,0,0,0,0,0,0,0,0,0,1
SHEARING SHED,0,0,0,0,0,0,0,0,0,0,1
SHEATH,0,0,0,0,0,0,0,0,0,0,0
SHED,0,0,0,0,0,0,0,0,0,0,0
SHEELA NA GIG,0,0,0,0,0,0,0,1,0,0,0
SHEEP DIP,0,0,0,0,0,0,0,0,0,0,1
SHEEP HOUSE,0,0,0,0,0,0,0,0,0,0,1
SHEEP SHELTER,0,0,0,0,0,0,0,0,0,0,1
SHEEPFOLD,0,0,0,0,0,0,0,0,0,0,1
SHEER LEGS,0,0,0,0,0,0,0,0,0,0,1
SHELL MIDDEN,0,0,1,0,0,0,0,0,0,0,0
SHELLFISH FARM,0,0,0,0,0,0,0,0,0,0,1
SHELTER,0,0,0,0,0,0,0,0,0,0,0
SHELTERED HOUSING,0,0,0,0,0,0,0,0,0,0,1
SHEPHERDS COTTAGE,0,0,0,0,0,0,0,0,0,0,1
SHERD,0,0,0,0,0,0,0,0,0,0,0
SHERIFF COURTHOUSE,0,0,0,0,0,0,0,0,0,0,1
SHIELD,0,0,0,0,0,0,0,0,0,0,0
SHIELING HUT,0,0,0,0,0,0,0,1,1,0,0
SHIELING MOUND,0,0,0,0,0,0,0,1,1,0,0
SHIP,0,0,0,0,0,0,0,0,0,0,0
SHIP BREAKING YARD,0,0,0,0,0,0,0,0,0,0,1
SHIP BURIAL,0,0,0,0,0,0,1,0,0,0,0
SHIPPING CONTROL CENTRE,0,0,0,0,0,0,0,0,0,0,1
SHIPYARD,0,0,0,0,0,0,0,0,0,1,1
SHOE,0,0,0,0,0,0,0,0,0,0,0
SHOE FACTORY,0,0,0,0,0,0,0,0,0,1,1
SHOOTING BOTHY,0,0,0,0,0,0,0,0,0,0,1
SHOOTING STAND,0,0,0,0,0,0,0,0,0,0,1
SHOP,0,0,0,0,0,0,0,0,0,0,1
SHOPPING ARCADE,0,0,0,0,0,0,0,0,0,0,1
SHOPPING CENTRE,0,0,0,0,0,0,0,0,0,0,1
SHORT CIST,0,0,0,0,1,0,0,0,0,0,0
SHOT,0,0,0,0,0,0,0,0,0,0,0
SHOWROOM,0,0,0,0,0,0,0,0,0,0,1
SHRINE,0,0,0,0,0,0,0,0,0,0,0
SICKLE,0,0,0,0,0,0,0,0,0,0,0
SIGN,0,0,0,0,0,0,0,0,0,1,1
SIGNAL BOX,0,0,0,0,0,0,0,0,0,1,1
SIGNAL PLATFORM,0,0,0,0,0,0,0,0,0,1,1
SIGNAL STATION,0,0,0,0,0,0,0,0,0,1,1
SIGNAL TOWER,0,0,0,0,0,0,0,0,0,1,1
SIGNALLING STRUCTURE,0,0,0,0,0,0,0,0,0,1,1
SIGNPOST,0,0,0,0,0,0,0,0,0,0,1
SILAGE CLAMP,0,0,0,0,0,0,0,0,0,0,1
SILAGE TOWER,0,0,0,0,0,0,0,0,0,0,1
SILK FACTORY,0,0,0,0,0,0,0,0,0,1,1
SILO,0,0,0,0,0,0,0,0,0,0,1
SILVER MINE,0,0,0,0,0,0,0,0,0,1,1
SINKER,0,0,0,0,0,0,0,0,0,0,0
SITE,0,0,0,0,0,0,0,0,0,0,0
SKATEPARK,0,0,0,0,0,0,0,0,0,0,1
SKATING RINK,0,0,0,0,0,0,0,0,0,0,1
SKEO,0,0,0,0,0,0,0,0,0,1,0
SKEWPUTT,0,0,0,0,0,0,0,0,0,0,0
SKI CENTRE,0,0,0,0,0,0,0,0,0,0,1
SKILLET,0,0,0,0,0,0,0,0,0,0,0
SLAB BLOCK,0,0,0,0,0,0,0,0,0,0,0
SLAB LINED PIT,0,0,0,0,0,0,0,0,0,0,0
SLAG,0,0,0,0,0,0,0,0,0,0,0
SLATE QUARRY,0,0,0,0,0,0,0,0,0,1,1
SLATERS WORKSHOP,0,0,0,0,0,0,0,0,0,1,1
SLING SHOT,0,0,0,0,0,1,0,0,0,0,0
SLIPWAY,0,0,0,0,0,0,0,0,0,1,1
SLIT TRENCH,0,0,0,0,0,0,0,0,0,0,1
SLUICE,0,0,0,0,0,0,0,0,0,1,1
SLUICE GATE,0,0,0,0,0,0,0,0,0,1,1
SMALLHOLDING,0,0,0,0,0,0,0,0,0,1,0
SMITHY,0,0,0,0,0,1,1,1,1,1,1
SMOKEHOUSE,0,0,0,0,0,0,0,0,0,1,1
SMOOTHING EQUIPMENT,0,0,0,0,0,0,0,0,0,0,0
SNOOKER HALL,0,0,0,0,0,0,0,0,0,0,1
SNOW FENCE,0,0,0,0,0,0,0,0,0,0,1
SNUFF MILL,0,0,0,0,0,0,0,0,0,1,0
SOAP FACTORY,0,0,0,0,0,0,0,0,0,1,1
SOCKETED AXEHEAD,0,0,0,1,0,0,0,0,0,0,0
SOCKETED STONE,0,0,0,1,0,0,0,0,0,0,0
SOUTERRAIN,0,0,0,0,0,1,0,0,0,0,0
SPA,0,0,0,0,0,0,0,0,0,0,1
SPA PAVILION,0,0,0,0,0,0,0,0,0,0,1
SPADE,0,0,0,0,0,0,0,0,0,0,0
SPEAR,0,0,0,0,1,1,1,0,0,0,0
SPEARHEAD,0,0,0,0,0,0,0,0,0,0,0
SPIGOT MORTAR MOUNTING,0,0,0,0,0,0,0,0,0,1,0
SPIGOT MORTAR RANGE,0,0,0,0,0,0,0,0,0,1,0
SPILLWAY,0,0,0,0,0,0,0,0,0,1,0
SPINDLE,0,0,0,0,0,0,0,0,0,0,0
SPINDLE WHORL,0,0,0,0,0,1,1,1,1,0,0
SPINNING MILL,0,0,0,0,0,0,0,0,0,1,1
SPOIL HEAP,0,0,0,0,0,0,0,0,0,0,0
SPOON,0,0,0,0,0,0,0,0,0,0,0
SPORTS BUILDING,0,0,0,0,0,0,0,0,0,0,1
SPORTS CENTRE,0,0,0,0,0,0,0,0,0,0,1
SPORTS GROUND,0,0,0,0,0,0,0,0,0,0,1
SPORTS PAVILION,0,0,0,0,0,0,0,0,0,0,1
SPORTS SITE,0,0,0,0,0,0,0,0,0,0,1
SPRING,0,0,0,0,0,0,0,0,0,0,0
SPUR,0,0,0,0,0,0,0,0,0,0,0
SQUARE,0,0,0,0,0,0,0,0,0,0,0
SQUARE BARROW,0,0,0,0,0,0,1,0,0,0,0
SQUARE CAIRN,0,0,0,0,0,0,1,0,0,0,0
SQUARE ENCLOSURE,0,0,0,0,0,1,1,1,0,0,0
SQUASH COURT,0,0,0,0,0,0,0,0,0,0,1
STABLE,0,0,0,0,0,0,0,0,0,0,1
STACK SITE,0,0,0,0,0,0,0,0,0,1,1
STACK STAND,0,0,0,0,0,0,0,0,0,1,1
STACK YARD,0,0,0,0,0,0,0,0,0,1,1
STADDLE STONE,0,0,0,0,0,0,0,0,1,0,0
STADIUM,0,0,0,0,0,0,0,0,0,0,1
STAIRCASE,0,0,0,0,0,0,0,0,0,0,0
STAITH,0,0,0,0,0,0,0,0,0,0,0
STAKE,0,0,0,0,0,0,0,0,0,0,0
STAKE ALIGNMENT,0,0,0,0,0,1,0,0,0,0,0
STAKE HOLE,0,0,0,0,0,0,0,0,0,0,0
STAKE NET,0,0,0,0,0,0,0,0,0,0,0
STALLION HOUSE,0,0,0,0,0,0,0,0,0,0,1
STAMP,0,0,0,0,0,0,0,0,0,0,0
STANDING STONE,0,0,0,1,0,0,0,0,0,0,0
STAPLE,0,0,0,0,0,0,0,0,0,0,0
STARCH FACTORY,0,0,0,0,0,0,0,0,0,1,1
STARCH MILL,0,0,0,0,0,0,0,0,0,1,1
STATION MASTERS HOUSE,0,0,0,0,0,0,0,0,0,1,1
STATIONERY WORKS,0,0,0,0,0,0,0,0,0,1,1
STATUE,0,0,0,0,0,0,0,0,0,0,0
STEAM ENGINE,0,0,0,0,0,0,0,0,0,1,1
STEAM ENGINE HOUSE,0,0,0,0,0,0,0,0,0,1,1
STEAM MILL,0,0,0,0,0,0,0,0,0,1,1
STEAM ROLLER,0,0,0,0,0,0,0,0,0,1,1
STEATITE QUARRY,0,0,0,0,0,0,0,0,0,1,1
STEATITE WORKINGS,0,0,0,0,0,0,0,0,0,0,1
STEEL SUPPLY YARD,0,0,0,0,0,0,0,0,0,0,1
STEEL WORKS,0,0,0,0,0,0,0,1,1,1,0
STEEPLE,0,0,0,0,0,0,0,0,0,0,0
STENCIL,0,0,0,0,0,0,0,0,0,0,0
STEPPING STONES,0,0,0,0,0,0,0,0,0,0,0
STEPS,0,0,0,0,0,0,0,0,0,0,0
STILE,0,0,0,0,0,0,0,0,0,0,0
STILL,0,0,0,0,0,0,0,0,0,0,0
STILL HOUSE,0,0,0,0,0,0,0,0,0,1,1
STIRRUP,0,0,0,0,0,0,0,0,0,0,0
STOCK ENCLOSURE,0,0,0,0,0,0,0,0,1,1,0
STOCKS,0,0,0,0,0,0,0,1,0,0,0
STONE,0,0,0,0,0,0,0,0,0,0,0
STONE AXE FACTORY,0,0,0,1,0,0,0,0,0,0,0
STONE BALL,0,0,0,1,0,0,0,0,0,0,0
STONE CIRCLE,0,0,0,1,0,0,0,0,0,0,0
STONE DEPOSIT,0,0,0,0,0,0,0,0,0,0,0
STONE EXTRACTION SITE,0,0,0,0,0,0,0,0,0,0,0
STONE GRUBBING SITE,0,0,0,0,0,0,0,0,0,0,0
STONE HEAP,0,0,0,0,0,0,0,0,0,0,0
STONE QUARRY,0,0,0,0,0,0,0,0,0,0,0
STONE ROW,0,0,0,1,0,0,0,0,0,0,0
STONE SETTING,0,0,0,1,0,0,0,0,0,0,0
STONE WORKING SITE,0,0,0,0,0,0,0,0,0,1,1
STONEMASONS YARD,0,0,0,0,0,0,0,0,0,0,0
STOP LOCK,0,0,0,0,0,0,0,0,0,0,1
STORAGE BIN,0,0,0,0,0,0,0,0,0,0,1
STORAGE CONTAINER,0,0,0,0,0,0,0,0,0,0,0
STORAGE PIT,0,0,0,0,0,0,0,0,0,0,0
STOREHOUSE,0,0,0,0,0,0,0,0,0,1,1
STRAINER,0,0,0,0,0,0,0,0,0,0,0
STRAINING WELL,0,0,0,0,0,0,0,0,0,1,1
STRAP,0,0,0,0,0,0,0,0,0,0,0
STRAP END,0,0,0,0,0,0,0,0,0,0,0
STRAP FITTING,0,0,0,0,0,0,0,0,0,0,0
STREAM,0,0,0,0,0,0,0,0,0,0,0
STREET,0,0,0,0,0,0,0,0,1,1,1
STREET ART,0,0,0,0,0,0,0,0,0,0,1
STREET FURNITURE,0,0,0,0,0,0,0,0,0,0,1
STRUCTURE,0,0,0,0,0,0,0,0,0,0,0
STUD,0,0,0,0,0,0,0,0,0,0,0
STUDENTS UNION,0,0,0,0,0,0,0,0,0,0,1
STUDIO,0,0,0,0,0,0,0,0,0,0,1
STYLUS,0,0,0,0,0,1,1,0,0,0,0
SUBMARINE CABLE STATION,0,0,0,0,0,0,0,0,0,0,1
SUBMARINE MINING STATION,0,0,0,0,0,0,0,0,0,0,1
SUBSIDENCE PIT,0,0,0,0,0,0,0,0,0,0,1
SUBTERRANEAN STRUCTURE,0,0,0,0,0,0,0,0,0,0,0
SUBWAY,0,0,0,0,0,0,0,0,0,0,1
SUBWAY POWER STATION,0,0,0,0,0,0,0,0,0,0,1
SUGAR HOUSE,0,0,0,0,0,0,0,0,0,1,1
SUGAR REFINERY,0,0,0,0,0,0,0,0,0,1,1
SUGAR WAREHOUSE,0,0,0,0,0,0,0,0,0,1,1
SULPHURIC ACID PLANT,0,0,0,0,0,0,0,0,0,1,1
SUMMERHOUSE,0,0,0,0,0,0,0,0,0,1,1
SUNDAY SCHOOL,0,0,0,0,0,0,0,0,0,0,1
SUNDIAL,0,0,0,0,0,0,0,0,1,1,0
SUNKEN FLOORED BUILDING,0,0,0,0,0,1,1,0,0,0,0
SUPERMARKET,0,0,0,0,0,0,0,0,0,0,1
SURGE TOWER,0,0,0,0,0,0,0,0,0,0,1
SURGERY,0,0,0,0,0,0,0,0,0,0,1
SURVEYORS OFFICE,0,0,0,0,0,0,0,0,0,0,1
SUSPENSION BRIDGE,0,0,0,0,0,0,0,0,0,0,1
SUSPENSION FOOTBRIDGE,0,0,0,0,0,0,0,0,0,0,1
SWIMMING POOL,0,0,0,0,0,0,0,0,0,0,1
SWING BRIDGE,0,0,0,0,0,0,0,0,0,0,1
SWORD,0,0,0,0,0,0,0,0,0,0,0
SYNAGOGUE,0,0,0,0,0,0,0,0,0,0,1
TACKSMANS HOUSE,0,0,0,0,0,0,0,1,1,0,0
TAG,0,0,0,0,0,0,0,0,0,0,0
TAIL RACE,0,0,0,0,0,0,0,0,1,1,0
TAKEAWAY,0,0,0,0,0,0,0,0,0,0,1
TALLOW FACTORY,0,0,0,0,0,0,0,0,0,1,1
TANK,0,0,0,0,0,0,0,0,0,0,0
TANK TRAINING RANGE,0,0,0,0,0,0,0,0,0,0,1
TANK TRAP,0,0,0,0,0,0,0,0,0,0,1
TANKARD,0,0,0,0,0,0,0,0,0,0,0
TANNERY,0,0,0,0,0,0,0,1,1,0,0
TANNING PIT,0,0,0,0,0,0,0,1,1,0,0
TAR HOUSE,0,0,0,0,0,0,0,0,0,1,0
TAR KILN,0,0,0,0,0,0,0,0,0,1,0
TAR WORKS,0,0,0,0,0,0,0,0,0,1,0
TARGET,0,0,0,0,0,0,0,0,0,0,1
TEA HOUSE,0,0,0,0,0,0,0,0,0,0,1
TEA ROOM,0,0,0,0,0,0,0,0,0,0,1
TEACHERS HOUSE,0,0,0,0,0,0,0,0,0,1,1
TECHNOLOGY PARK,0,0,0,0,0,0,0,0,0,0,1
TELECOMMUNICATIONS BUILDING,0,0,0,0,0,0,0,0,0,0,1
TELECOMMUNICATIONS STRUCTURE,0,0,0,0,0,0,0,0,0,0,1
TELEGRAPH POLE,0,0,0,0,0,0,0,0,0,0,1
TELEPHONE BOX,0,0,0,0,0,0,0,0,0,0,1
TELEPHONE EXCHANGE,0,0,0,0,0,0,0,0,0,0,1
TEMPLE,0,0,0,0,0,0,0,0,0,0,0
TEMPORARY CAMP,0,0,0,0,0,1,0,0,0,0,0
TEMPORARY COMPOUND,0,0,0,0,0,0,0,0,0,0,0
TEMPORARY SETTLEMENT,0,0,0,0,0,0,0,0,0,0,0
TENEMENT,0,0,0,0,0,0,0,0,0,0,0
TENNIS COURT,0,0,0,0,0,0,0,0,0,0,1
TENT,0,0,0,0,0,0,0,0,0,0,0
TERM PENDING,0,0,0,0,0,0,0,0,0,0,0
TERMINAL BUILDING,0,0,0,0,0,0,0,0,0,0,1
TERRACE,0,0,0,0,0,0,0,0,0,0,0
TERRACED GARDEN,0,0,0,0,0,0,0,0,0,1,1
TERRACED HOUSE,0,0,0,0,0,0,0,0,0,1,1
TEXTILE,0,0,0,0,0,0,0,0,0,0,0
TEXTILE FINISHING SITE,0,0,0,0,0,0,0,0,0,1,1
TEXTILE INDUSTRY SITE,0,0,0,0,0,0,0,0,0,1,1
TEXTILE MILL,0,0,0,0,0,0,0,0,0,1,1
TEXTILE PRINT WORKS,0,0,0,0,0,0,0,0,0,1,1
THATCHED COTTAGE,0,0,0,0,0,0,0,0,0,1,0
THEATRE,0,0,0,0,0,0,0,0,0,1,1
THEOLOGICAL COLLEGE,0,0,0,0,0,0,0,0,0,0,1
THIMBLE,0,0,0,0,0,0,0,0,0,0,0
THREAD WORKS,0,0,0,0,0,0,0,0,0,0,0
THRESHING BARN,0,0,0,0,0,0,0,0,0,1,1
THRESHING MACHINE,0,0,0,0,0,0,0,0,0,1,1
THRESHING MILL,0,0,0,0,0,0,0,0,0,1,1
THROW UP,0,0,0,0,0,0,0,0,0,0,0
TIDAL BASIN,0,0,0,0,0,0,0,0,0,0,0
TIDE GAUGE,0,0,0,0,0,0,0,0,0,0,1
TIDE MILL,0,0,0,0,0,0,0,0,0,0,1
TILE,0,0,0,0,0,0,0,0,0,0,0
TILE KILN,0,0,0,0,0,0,0,0,0,1,1
TILE WORKS,0,0,0,0,0,0,0,0,0,1,1
TIMBER BUILDING,0,0,0,0,0,0,0,0,0,0,0
TIMBER CIRCLE,0,0,0,1,0,0,0,0,0,0,0
TIMBER ENCLOSURE,0,0,0,1,0,0,0,0,0,0,0
TIMBER HALL,0,0,0,1,0,0,1,0,0,0,0
TIMBER MILL,0,0,0,0,0,0,0,0,0,0,0
TIMBER POND,0,0,0,0,0,0,0,0,0,0,0
TIMBER PRODUCT SITE,0,0,0,0,0,0,0,0,0,0,0
TIMBER SEASONING SHED,0,0,0,0,0,0,0,0,0,0,0
TIMBER STRUCTURE,0,0,0,0,0,0,0,0,0,0,0
TIMBER TRACK,0,0,0,1,1,0,0,0,0,0,0
TIMBER YARD,0,0,0,0,0,0,0,0,0,1,1
TING,0,0,0,0,0,0,1,0,0,0,0
TITHE BARN,0,0,0,0,0,0,0,0,0,0,0
TOBACCO FACTORY,0,0,0,0,0,0,0,0,0,1,1
TOBACCO WAREHOUSE,0,0,0,0,0,0,0,0,0,1,1
TOGGLE,0,0,0,0,0,0,0,0,0,0,0
TOILET,0,0,0,0,0,0,0,0,0,0,1
TOKEN,0,0,0,0,0,0,0,0,0,0,0
TOLBOOTH,0,0,0,0,0,0,0,0,0,1,0
TOLL BOARD,0,0,0,0,0,0,0,0,0,1,0
TOLL GATE,0,0,0,0,0,0,0,0,0,1,0
TOLL HOUSE,0,0,0,0,0,0,0,0,0,1,0
TOLL ROAD,0,0,0,0,0,0,0,0,0,1,0
TOLLBOOTH,0,0,0,0,0,0,0,0,0,1,0
TOMB,0,0,0,0,0,0,0,0,0,0,0
TONGS,0,0,0,0,0,0,0,0,0,0,0
TOOL WORKS,0,0,0,0,0,0,0,0,0,0,0
TORC,0,0,0,0,0,1,0,0,0,0,0
TOW PATH,0,0,0,0,0,0,0,0,0,1,1
TOWER,0,0,0,0,0,0,0,0,0,0,0
TOWER BLOCK,0,0,0,0,0,0,0,0,0,0,1
TOWER HOUSE,0,0,0,0,0,0,0,1,0,0,0
TOWN,0,0,0,0,0,0,0,0,0,1,1
TOWN DEFENCES,0,0,0,0,0,0,0,0,0,0,1
TOWN DITCH,0,0,0,0,0,0,0,0,1,1,0
TOWN GATE,0,0,0,0,0,0,0,0,1,1,0
TOWN HALL,0,0,0,0,0,0,0,0,0,1,1
TOWN HOUSE,0,0,0,0,0,0,0,0,0,1,1
TOWN QUARTER,0,0,0,0,0,0,0,0,0,1,1
TOWN WALL,0,0,0,0,0,0,0,0,1,1,0
TOWNSHIP,0,0,0,0,0,0,0,0,1,1,0
TOY,0,0,0,0,0,0,0,0,0,0,0
TRACK,0,0,0,0,0,0,0,0,0,0,0
TRACKED TARGET RANGE,0,0,0,0,0,0,0,0,0,0,1
TRACTOR,0,0,0,0,0,0,0,0,0,0,0
TRACTOR FACTORY,0,0,0,0,0,0,0,0,0,1,1
TRADES HALL,0,0,0,0,0,0,0,0,0,1,1
TRAINING CENTRE,0,0,0,0,0,0,0,0,0,0,1
TRAINING COLLEGE,0,0,0,0,0,0,0,0,0,0,1
TRAINING SCHOOL,0,0,0,0,0,0,0,0,0,0,1
TRAM DEPOT,0,0,0,0,0,0,0,0,0,1,1
TRAMWAY,0,0,0,0,0,0,0,0,0,1,1
TRAMWAY POWER STANDARDS,0,0,0,0,0,0,0,0,0,1,1
TRAMWAY TRANSPORT SITE,0,0,0,0,0,0,0,0,0,1,1
TRANSFORMER STATION,0,0,0,0,0,0,0,0,0,0,1
TRANSIT SHED,0,0,0,0,0,0,0,0,0,0,1
TRANSPORT WORKERS HOUSE,0,0,0,0,0,0,0,0,0,0,1
TRAP,0,0,0,0,0,0,0,0,0,0,0
TRAVEL AGENTS,0,0,0,0,0,0,0,0,0,0,1
TRAVELLERS CAMP,0,0,0,0,0,0,0,0,0,0,1
TRAVERSER,0,0,0,0,0,0,0,0,0,0,0
TREB DYKE,0,0,0,1,1,1,0,0,0,0,0
TREE,0,0,0,0,0,0,0,0,0,0,0
TREE AVENUE,0,0,0,0,0,0,0,0,0,1,0
TREE BOLE,0,0,0,0,0,0,0,0,0,0,0
TREE CATHEDRAL,0,0,0,0,0,0,0,0,0,0,0
TREE THROW,0,0,0,0,0,0,0,0,0,0,0
TREE TRUNK COFFIN,0,0,0,0,0,0,0,0,0,0,0
TRENCH,0,0,0,0,0,0,0,0,0,0,0
TRENCH MINE,0,0,0,0,0,0,0,0,0,0,1
TRIANGULATION PILLAR,0,0,0,0,0,0,0,0,0,1,1
TRIANGULATION STATION,0,0,0,0,0,0,0,0,0,1,1
TRIGGER GUARD,0,0,0,0,0,0,0,0,0,0,0
TRIPOD VESSEL,0,0,0,0,0,0,0,0,0,0,0
TRON,0,0,0,0,0,0,0,0,0,0,0
TROUGH,0,0,0,0,0,0,0,0,0,0,0
TROWEL,0,0,0,0,0,0,0,0,0,0,0
TUBE WORKS,0,0,0,0,0,0,0,0,0,1,1
TUNNEL,0,0,0,0,0,0,0,0,0,0,0
TUNNEL CHAMBER,0,0,0,0,0,0,0,0,0,0,0
TURBINE,0,0,0,0,0,0,0,0,0,0,0
TURBINE HOUSE,0,0,0,0,0,0,0,0,0,0,1
TURBINE WORKS,0,0,0,0,0,0,0,0,0,0,1
TURF BANK,0,0,0,1,1,1,1,1,1,0,0
TURF CUTTING,0,0,0,0,0,0,0,0,0,0,0
TURF ENCLOSURE,0,0,0,1,1,1,1,1,1,0,0
TURF HOUSE,0,0,0,0,0,0,1,1,1,0,0
TURF WALL,0,0,0,0,0,0,1,1,1,0,0
TUYERE,0,0,0,0,0,0,0,0,0,0,0
TWEED MILL,0,0,0,0,0,0,0,0,0,1,1
TWEEZERS,0,0,0,0,0,0,0,0,0,0,0
TYRE FACTORY,0,0,0,0,0,0,0,0,0,0,1
UNASSIGNED,0,0,0,0,0,0,0,0,0,0,0
UNDERPASS,0,0,0,0,0,0,0,0,0,0,1
UNDERTAKERS WORKSHOP,0,0,0,0,0,0,0,0,0,1,1
UNDERWATER TEST ESTABLISHMENT,0,0,0,0,0,0,0,0,0,0,1
UNENCLOSED PLATFORM SETTLEMENT,0,0,0,1,1,1,1,0,0,0,0
UNENCLOSED SETTLEMENT,0,0,0,1,1,1,1,0,0,0,0
UNIDENTIFIED,0,0,0,0,0,0,0,0,0,0,0
UNIDENTIFIED FLINT,0,0,0,0,0,0,0,0,0,0,0
UNIDENTIFIED OBJECT,0,0,0,0,0,0,0,0,0,0,0
UNIDENTIFIED POTTERY,0,0,0,0,0,0,0,0,0,0,0
UNIVERSITY,0,0,0,0,0,0,0,1,1,1,1
UPHOLSTERY WORKS,0,0,0,0,0,0,0,0,0,1,1
URN,0,0,0,1,1,0,0,0,0,0,0
VALLUM,0,0,0,0,0,1,0,0,0,0,0
VALVE HOUSE,0,0,0,0,0,0,0,0,0,0,1
VALVE TOWER,0,0,0,0,0,0,0,0,0,0,1
VANTAGE POINT,0,0,0,0,0,0,0,0,0,0,1
VASE,0,0,0,0,0,0,0,0,0,0,0
VAULT,0,0,0,0,0,0,0,1,1,1,0
VEGETATION MARK,0,0,0,0,0,0,0,0,0,0,0
VELODROME,0,0,0,0,0,0,0,0,0,0,1
VENTILATION SHAFT,0,0,0,0,0,0,0,0,0,0,1
VESSEL,0,0,0,0,0,0,0,0,0,0,0
VESTRY,0,0,0,0,0,0,0,0,0,0,0
VETERANS HOUSE,0,0,0,0,0,0,0,0,0,0,1
VETERANS SETTLEMENT,0,0,0,0,0,1,0,0,0,0,0
VIADUCT,0,0,0,0,0,0,0,0,0,0,1
VICUS,0,0,0,0,0,1,0,0,0,0,0
VIEW FINDER,0,0,0,0,0,0,0,0,0,0,0
VILLA,0,0,0,0,0,0,0,0,0,0,0
VILLAGE,0,0,0,0,0,0,0,0,0,0,0
VILLAGE HALL,0,0,0,0,0,0,0,0,0,1,1
VINYL FLOORING FACTORY,0,0,0,0,0,0,0,0,0,0,1
VISITOR CENTRE,0,0,0,0,0,0,0,0,0,0,1
VITRIFIED STONE,0,0,0,0,0,0,0,0,0,0,0
WAGON,0,0,0,0,0,0,0,0,0,1,1
WAGON FITTING,0,0,0,0,0,0,0,0,0,1,1
WAGONWAY,0,0,0,0,0,0,0,0,0,1,1
WAITING ROOM,0,0,0,0,0,0,0,0,0,1,1
WALL,0,0,0,0,0,0,0,0,0,0,0
WALLED GARDEN,0,0,0,0,0,0,0,0,0,1,1
WAR MEMORIAL,0,0,0,0,0,0,0,0,0,0,1
WAREHOUSE,0,0,0,0,0,0,0,0,0,1,1
WASH HOUSE,0,0,0,0,0,0,0,0,0,1,1
WASTE DISPOSAL SITE,0,0,0,0,0,0,0,0,0,0,1
WATCH HOUSE,0,0,0,0,0,0,0,0,0,1,1
WATCH TOWER,0,0,0,0,0,0,0,0,0,0,1
WATER CHANNEL,0,0,0,0,0,0,0,0,0,0,1
WATER DISPOSAL SITE,0,0,0,0,0,0,0,0,0,0,1
WATER HOUSE,0,0,0,0,0,0,0,0,0,0,1
WATER MEADOW,0,0,0,0,0,0,0,0,0,0,1
WATER PIPE,0,0,0,0,0,0,0,1,1,0,0
WATER PUMP,0,0,0,0,0,0,0,0,0,0,1
WATER PUMPING ENGINE,0,0,0,0,0,0,0,0,0,0,1
WATER REGULATION INSTALLATION,0,0,0,0,0,0,0,0,0,0,1
WATER STORAGE SITE,0,0,0,0,0,0,0,0,0,0,1
WATER SUPPLY SITE,0,0,0,0,0,0,0,0,0,0,1
WATER TANK,0,0,0,0,0,0,0,0,0,0,1
WATER TOWER,0,0,0,0,0,0,0,0,0,0,1
WATER WHEEL,0,0,0,0,0,0,0,0,0,1,1
WATER WHEEL HOUSE,0,0,0,0,0,0,0,0,0,1,1
WATERCOURSE,0,0,0,0,0,0,0,0,0,0,0
WATERCRESS BED,0,0,0,0,0,0,0,0,0,0,0
WATERFALL,0,0,0,0,0,0,0,0,0,0,0
WATERMILL,0,0,0,0,0,0,0,0,0,1,0
WATERWORKS,0,0,0,0,0,0,0,0,0,0,1
WEAPON,0,0,0,0,0,0,0,0,0,0,0
WEAPONS PIT,0,0,0,0,0,0,0,0,0,0,1
WEATHER STATION,0,0,0,0,0,0,0,0,0,0,1
WEATHER VANE,0,0,0,0,0,0,0,0,0,0,1
WEAVERS COTTAGE,0,0,0,0,0,0,0,0,0,1,0
WEAVING BATTEN,0,0,0,0,0,0,0,0,0,0,0
WEAVING COMB,0,0,0,0,0,0,0,0,0,0,0
WEAVING MILL,0,0,0,0,0,0,0,0,0,1,0
WEAVING SHED,0,0,0,0,0,0,0,0,0,1,0
WEIGH HOUSE,0,0,0,0,0,0,0,0,0,0,1
WEIGHBRIDGE,0,0,0,0,0,0,0,0,0,0,1
WEIGHING STATION,0,0,0,0,0,0,0,0,0,0,1
WEIGHT,0,0,0,0,0,0,0,0,0,0,0
WEIR,0,0,0,0,0,0,0,0,0,1,0
WELL,0,0,0,0,0,0,0,0,0,0,0
WELL HEAD,0,0,0,0,0,0,0,0,0,0,0
WELL HOUSE,0,0,0,0,0,0,0,0,0,0,0
WHALING STATION,0,0,0,0,0,0,0,0,0,1,0
WHARF,0,0,0,0,0,0,0,0,0,1,1
WHEEL,0,0,0,0,0,0,0,0,0,0,0
WHEEL PIT,0,0,0,0,0,0,0,0,0,1,1
WHEELHOUSE,0,0,0,0,0,1,1,0,0,0,0
WHETSTONE,0,0,0,0,0,0,0,0,0,0,0
WHIN MILL,0,0,0,0,0,0,0,0,0,1,1
WHINSTONE QUARRY,0,0,0,0,0,0,0,0,0,1,1
WHISKY BLENDING PLANT,0,0,0,0,0,0,0,0,0,1,1
WHISKY BOTTLING PLANT,0,0,0,0,0,0,0,0,0,1,1
WINCH,0,0,0,0,0,0,0,0,0,1,1
WINCH HOUSE,0,0,0,0,0,0,0,0,0,1,1
WIND FARM,0,0,0,0,0,0,0,0,0,0,1
WIND GENERATOR,0,0,0,0,0,0,0,0,0,0,1
WIND POWER SITE,0,0,0,0,0,0,0,0,0,0,1
WIND PUMP,0,0,0,0,0,0,0,0,0,0,1
WINDBREAK,0,0,0,0,0,0,0,0,0,0,0
WINDER HOUSE,0,0,0,0,0,0,0,0,0,1,1
WINDING ENGINE,0,0,0,0,0,0,0,0,0,1,1
WINDING GEAR,0,0,0,0,0,0,0,0,0,1,1
WINDMILL,0,0,0,0,0,0,0,0,1,1,0
WINE STORE,0,0,0,0,0,0,0,0,0,0,1
WINERY,0,0,0,0,0,0,0,0,0,0,1
WIRE ROPE WORKS,0,0,0,0,0,0,0,0,0,0,1
WIRE WORKS,0,0,0,0,0,0,0,0,0,1,1
WITCH ASSOCIATION,0,0,0,0,0,0,0,0,0,1,1
WOOD,0,0,0,0,0,0,0,0,0,0,0
WOOD PROCESSING SITE,0,0,0,0,0,0,0,0,0,0,1
WOOD PRODUCT SITE,0,0,0,0,0,0,0,0,0,0,1
WOOD SHED,0,0,0,0,0,0,0,0,0,0,1
WOOD TURNING WORKSHOP,0,0,0,0,0,0,0,0,0,0,1
WOOL BARN,0,0,0,0,0,0,0,0,0,1,1
WOOL MANUFACTURING SITE,0,0,0,0,0,0,0,0,0,1,1
WOOLLEN MILL,0,0,0,0,0,0,0,0,0,1,1
WORKED OBJECT,0,0,0,0,0,0,0,0,0,0,0
WORKERS CAMP,0,0,0,0,0,0,0,0,0,0,1
WORKERS COTTAGE,0,0,0,0,0,0,0,0,0,1,1
WORKERS ROW,0,0,0,0,0,0,0,0,0,1,1
WORKING MENS INSTITUTE,0,0,0,0,0,0,0,0,0,0,1
WORKS,0,0,0,0,0,0,0,0,0,0,0
WORKSHOP,0,0,0,0,0,0,0,0,0,0,0
WORSTED MILL,0,0,0,0,0,0,0,0,0,1,1
WRITING SLATE,0,0,0,0,0,1,1,0,0,0,0
YARD,0,0,0,0,0,0,0,0,0,1,1
YOKE,0,0,0,0,0,0,0,0,0,0,0
YOUTH CLUB,0,0,0,0,0,0,0,0,0,0,1
YOUTH HOSTEL,0,0,0,0,0,0,0,0,0,0,1
ZINC MINE,0,0,0,0,0,0,0,0,0,1,1
ZOO,0,0,0,0,0,0,0,0,0,1,1
PRECAMBRIAN,1,0,0,0,0,0,0,0,0,0,0
CAMBRIAN,1,0,0,0,0,0,0,0,0,0,0
ORDOVICIAN,1,0,0,0,0,0,0,0,0,0,0
SILURIAN,1,0,0,0,0,0,0,0,0,0,0
DEVONIAN,1,0,0,0,0,0,0,0,0,0,0
CARBONIFEROUS,1,0,0,0,0,0,0,0,0,0,0
PERMIAN,1,0,0,0,0,0,0,0,0,0,0
TRIASSIC,1,0,0,0,0,0,0,0,0,0,0
JURASSIC,1,0,0,0,0,0,0,0,0,0,0
CRETACEOUS,1,0,0,0,0,0,0,0,0,0,0
PALEOGENE,1,0,0,0,0,0,0,0,0,0,0
NEOGENE,1,0,0,0,0,0,0,0,0,0,0
QUATERNARY,1,0,0,0,0,0,0,0,0,0,0
PALAEOLITHIC,1,0,0,0,0,0,0,0,0,0,0
STONE AGE,1,1,1,1,0,0,0,0,0,0,0
PREHISTORIC,0,1,1,1,1,1,0,0,0,0,0
MESOLITHIC,0,0,1,0,0,0,0,0,0,0,0
NEOLITHIC,0,0,0,1,0,0,0,0,0,0,0
MEGALITHIC,0,0,0,1,0,0,0,0,0,0,0
BRONZE AGE,0,0,0,0,1,0,0,0,0,0,0
IRON AGE,0,0,0,0,0,1,0,0,0,0,0
ROMAN POT(TERY)?,0,0,0,0,0,1,0,0,0,0,0
ROMAN COIN,0,0,0,0,0,1,0,0,0,0,0
DALRIADA(N)?,0,0,0,0,0,0,1,0,0,0,0
NORSE,0,0,0,0,0,0,1,0,0,0,0
PICT(ISH)?,0,0,0,0,0,0,1,0,0,0,0
VIKING,0,0,0,0,0,0,1,0,0,0,0
NORMAN,0,0,0,0,0,0,0,1,0,0,0
RENAISSANCE,0,0,0,0,0,0,0,1,1,0,0
TUDOR,0,0,0,0,0,0,0,1,0,0,0
REFORMATION,0,0,0,0,0,0,0,0,1,0,0
ELIZABETHAN,0,0,0,0,0,0,0,0,1,0,0
JACOBEAN,0,0,0,0,0,0,0,0,1,0,0
ENLIGHTENMENT,0,0,0,0,0,0,0,0,1,0,0
CROFTING,0,0,0,0,0,0,0,0,0,1,0
TOWNSHIP,0,0,0,0,0,0,0,0,0,1,0
ROMANTIC,0,0,0,0,0,0,0,0,0,1,0
NAPOLEONIC,0,0,0,0,0,0,0,0,0,1,0
INDUSTRIAL,0,0,0,0,0,0,0,0,0,1,1
VICTORIAN,0,0,0,0,0,0,0,0,0,1,0
GEORGIAN,0,0,0,0,0,0,0,0,0,1,0
WORLD WAR,0,0,0,0,0,0,0,0,0,0,1
GREAT WAR,0,0,0,0,0,0,0,0,0,0,1
WARTIME,0,0,0,0,0,0,0,0,0,0,1
MODERN,0,0,0,0,0,0,0,0,0,0,1
EDWARDIAN,0,0,0,0,0,0,0,0,0,0,1
TWENTIES,0,0,0,0,0,0,0,0,0,0,1
THERTIES,0,0,0,0,0,0,0,0,0,0,1
FIFTIES,0,0,0,0,0,0,0,0,0,0,1
SIXTIES,0,0,0,0,0,0,0,0,0,0,1
SEVENTIES,0,0,0,0,0,0,0,0,0,0,1
EIGHTIES,0,0,0,0,0,0,0,0,0,0,1
NINETIES,0,0,0,0,0,0,0,0,0,0,1
NAUGHTIES,0,0,0,0,0,0,0,0,0,0,1
